model_id,class_name,rank,feature,mean_abs_shap
seed1_frac0p5,normal,1,num__dst_host_same_srv_rate,0.691721141916787
seed1_frac0p5,normal,2,num__dst_host_same_src_port_rate,0.4900934859301742
seed1_frac0p5,normal,3,num__rerror_rate,0.4853316741355229
seed1_frac0p5,normal,4,num__dst_host_rerror_rate,0.47241438243872835
seed1_frac0p5,normal,5,num__dst_host_diff_srv_rate,0.3644311610804607
seed1_frac0p5,normal,6,cat__service_private,0.34639920849440387
seed1_frac0p5,normal,7,num__dst_host_count,0.32707984978333116
seed1_frac0p5,normal,8,cat__flag_S0,0.32130843305640155
seed1_frac0p5,normal,9,num__same_srv_rate,0.31318948894477217
seed1_frac0p5,normal,10,num__dst_host_srv_count,0.3110420515952228
seed1_frac0p5,normal,11,num__logged_in,0.3081434740579425
seed1_frac0p5,normal,12,cat__service_http,0.25882353270208114
seed1_frac0p5,normal,13,num__dst_host_srv_serror_rate,0.25279927273123803
seed1_frac0p5,normal,14,num__dst_host_serror_rate,0.2500707526014594
seed1_frac0p5,normal,15,num__srv_count,0.23860141058742101
seed1_frac0p5,normal,16,num__count,0.22713729695306029
seed1_frac0p5,normal,17,num__diff_srv_rate,0.20295601817770148
seed1_frac0p5,normal,18,num__srv_serror_rate,0.19447802573267836
seed1_frac0p5,normal,19,cat__protocol_type_udp,0.19193365510318472
seed1_frac0p5,normal,20,num__srv_diff_host_rate,0.1677995267245933
seed1_frac0p5,normal,21,cat__flag_RSTO,0.14345286064781249
seed1_frac0p5,normal,22,cat__flag_REJ,0.13266311090410454
seed1_frac0p5,normal,23,num__serror_rate,0.1316265235436731
seed1_frac0p5,normal,24,num__dst_host_srv_rerror_rate,0.12702545876800286
seed1_frac0p5,normal,25,num__dst_host_srv_diff_host_rate,0.12028365690457576
seed1_frac0p5,normal,26,num__hot,0.11986263066955871
seed1_frac0p5,normal,27,cat__service_pop_3,0.11742062564007938
seed1_frac0p5,normal,28,num__srv_rerror_rate,0.11488870287257669
seed1_frac0p5,normal,29,cat__flag_SF,0.10733014141055719
seed1_frac0p5,normal,30,cat__protocol_type_icmp,0.10370366116330842
seed1_frac0p5,normal,31,cat__protocol_type_tcp,0.09706016951213314
seed1_frac0p5,normal,32,num__wrong_fragment,0.08827846445092291
seed1_frac0p5,normal,33,num__num_failed_logins,0.08057441096752882
seed1_frac0p5,normal,34,num__is_guest_login,0.07232589373177234
seed1_frac0p5,normal,35,cat__service_ecr_i,0.07161422044737265
seed1_frac0p5,normal,36,cat__service_other,0.0617434141281592
seed1_frac0p5,normal,37,cat__service_domain_u,0.06074554748101946
seed1_frac0p5,normal,38,cat__service_ftp_data,0.06040062524812129
seed1_frac0p5,normal,39,num__land,0.058417555570486
seed1_frac0p5,normal,40,cat__flag_RSTR,0.05165251458311104
seed1_frac0p5,normal,41,cat__service_telnet,0.047116297762840986
seed1_frac0p5,normal,42,num__root_shell,0.045953083550557494
seed1_frac0p5,normal,43,cat__service_imap4,0.043940009462744456
seed1_frac0p5,normal,44,cat__flag_S3,0.04338855284731835
seed1_frac0p5,normal,45,num__num_shells,0.03687277506105602
seed1_frac0p5,normal,46,cat__service_eco_i,0.03488203318147498
seed1_frac0p5,normal,47,cat__service_finger,0.018792791255236807
seed1_frac0p5,normal,48,cat__service_smtp,0.018694781934755156
seed1_frac0p5,normal,49,num__duration,0.014966330080369517
seed1_frac0p5,normal,50,cat__service_urp_i,0.011979979960415221
seed1_frac0p5,attack,1,num__dst_host_same_srv_rate,0.5809443433390697
seed1_frac0p5,attack,2,num__rerror_rate,0.5394932219860493
seed1_frac0p5,attack,3,num__dst_host_same_src_port_rate,0.48759452635931666
seed1_frac0p5,attack,4,num__dst_host_rerror_rate,0.41711881435799114
seed1_frac0p5,attack,5,num__logged_in,0.3540394044994173
seed1_frac0p5,attack,6,cat__flag_S0,0.33674296125536785
seed1_frac0p5,attack,7,cat__service_private,0.3317224610445919
seed1_frac0p5,attack,8,num__same_srv_rate,0.33158367266696587
seed1_frac0p5,attack,9,num__dst_host_diff_srv_rate,0.31536118020619597
seed1_frac0p5,attack,10,num__dst_host_srv_serror_rate,0.3147623408876825
seed1_frac0p5,attack,11,num__dst_host_count,0.2965630747585237
seed1_frac0p5,attack,12,num__dst_host_serror_rate,0.2583267004206391
seed1_frac0p5,attack,13,num__srv_serror_rate,0.2560986552543909
seed1_frac0p5,attack,14,cat__service_http,0.23691734688873112
seed1_frac0p5,attack,15,num__dst_host_srv_count,0.23072815481123143
seed1_frac0p5,attack,16,num__diff_srv_rate,0.18077351278134302
seed1_frac0p5,attack,17,cat__protocol_type_udp,0.18007828792565306
seed1_frac0p5,attack,18,num__count,0.14940805904825538
seed1_frac0p5,attack,19,num__srv_diff_host_rate,0.14645958617711585
seed1_frac0p5,attack,20,cat__flag_RSTO,0.1458227562252432
seed1_frac0p5,attack,21,num__serror_rate,0.14039772650266968
seed1_frac0p5,attack,22,num__srv_count,0.1403043696241184
seed1_frac0p5,attack,23,num__dst_host_srv_rerror_rate,0.1309529826172593
seed1_frac0p5,attack,24,cat__protocol_type_tcp,0.12945565637073742
seed1_frac0p5,attack,25,num__dst_host_srv_diff_host_rate,0.12900469814212556
seed1_frac0p5,attack,26,cat__flag_REJ,0.1268595268156787
seed1_frac0p5,attack,27,num__srv_rerror_rate,0.12047837200134381
seed1_frac0p5,attack,28,num__wrong_fragment,0.11685444901559094
seed1_frac0p5,attack,29,num__hot,0.10863766860438773
seed1_frac0p5,attack,30,num__is_guest_login,0.10283962534985136
seed1_frac0p5,attack,31,cat__service_pop_3,0.0975631985347718
seed1_frac0p5,attack,32,cat__protocol_type_icmp,0.094604790876474
seed1_frac0p5,attack,33,cat__flag_SF,0.09320558103127041
seed1_frac0p5,attack,34,num__num_failed_logins,0.09089712146669626
seed1_frac0p5,attack,35,cat__service_ecr_i,0.07398588064825162
seed1_frac0p5,attack,36,cat__service_domain_u,0.06637109982466427
seed1_frac0p5,attack,37,cat__service_other,0.061635022504560766
seed1_frac0p5,attack,38,cat__flag_RSTR,0.055539456705446355
seed1_frac0p5,attack,39,cat__service_ftp_data,0.050100147235070835
seed1_frac0p5,attack,40,cat__service_telnet,0.04805115499038948
seed1_frac0p5,attack,41,cat__flag_S3,0.042308085947297513
seed1_frac0p5,attack,42,cat__service_imap4,0.04227091435546981
seed1_frac0p5,attack,43,num__root_shell,0.03985731955617666
seed1_frac0p5,attack,44,num__land,0.03299401605545427
seed1_frac0p5,attack,45,cat__service_eco_i,0.03030640622557712
seed1_frac0p5,attack,46,num__num_shells,0.029751791153103113
seed1_frac0p5,attack,47,cat__service_finger,0.020437202221614825
seed1_frac0p5,attack,48,num__duration,0.01624070605083716
seed1_frac0p5,attack,49,cat__service_urp_i,0.013003796054363193
seed1_frac0p5,attack,50,cat__service_smtp,0.012027299480450893
seed1_frac0p75,normal,1,num__dst_host_same_srv_rate,0.5869604639356112
seed1_frac0p75,normal,2,num__dst_host_same_src_port_rate,0.5238397002322017
seed1_frac0p75,normal,3,num__dst_host_rerror_rate,0.504279775129362
seed1_frac0p75,normal,4,num__dst_host_srv_count,0.49718737560715454
seed1_frac0p75,normal,5,num__dst_host_diff_srv_rate,0.39793818874159115
seed1_frac0p75,normal,6,cat__service_private,0.3362772715477149
seed1_frac0p75,normal,7,num__same_srv_rate,0.33611226311768405
seed1_frac0p75,normal,8,num__logged_in,0.30662364836098277
seed1_frac0p75,normal,9,num__dst_host_count,0.29091243047150783
seed1_frac0p75,normal,10,cat__flag_S0,0.2815265041135717
seed1_frac0p75,normal,11,num__dst_host_serror_rate,0.24915989879127665
seed1_frac0p75,normal,12,num__rerror_rate,0.2475493325473508
seed1_frac0p75,normal,13,cat__service_http,0.24186900434506242
seed1_frac0p75,normal,14,num__count,0.2314611590622917
seed1_frac0p75,normal,15,num__srv_diff_host_rate,0.21400521882242174
seed1_frac0p75,normal,16,num__diff_srv_rate,0.18680064559316634
seed1_frac0p75,normal,17,num__srv_count,0.17836986645852448
seed1_frac0p75,normal,18,num__serror_rate,0.1542989241399937
seed1_frac0p75,normal,19,num__dst_host_srv_serror_rate,0.13787364220956988
seed1_frac0p75,normal,20,num__srv_rerror_rate,0.13390553365752567
seed1_frac0p75,normal,21,num__dst_host_srv_diff_host_rate,0.12284667990479647
seed1_frac0p75,normal,22,cat__flag_RSTO,0.11685423192102462
seed1_frac0p75,normal,23,num__srv_serror_rate,0.11507513238916545
seed1_frac0p75,normal,24,num__is_guest_login,0.11136475095953813
seed1_frac0p75,normal,25,cat__protocol_type_udp,0.10565414295399478
seed1_frac0p75,normal,26,cat__service_pop_3,0.10284888534806669
seed1_frac0p75,normal,27,cat__flag_SF,0.09404960212214064
seed1_frac0p75,normal,28,num__dst_host_srv_rerror_rate,0.08922266006905488
seed1_frac0p75,normal,29,num__hot,0.08857428224018804
seed1_frac0p75,normal,30,cat__flag_REJ,0.07701910066680284
seed1_frac0p75,normal,31,cat__protocol_type_icmp,0.07623559621674758
seed1_frac0p75,normal,32,num__wrong_fragment,0.07451540631518583
seed1_frac0p75,normal,33,cat__protocol_type_tcp,0.07438344926276841
seed1_frac0p75,normal,34,cat__service_other,0.0710491250947598
seed1_frac0p75,normal,35,cat__service_domain_u,0.06564671398064093
seed1_frac0p75,normal,36,cat__service_telnet,0.056236064789118245
seed1_frac0p75,normal,37,cat__service_ecr_i,0.05019601772983151
seed1_frac0p75,normal,38,cat__service_imap4,0.04366964758787617
seed1_frac0p75,normal,39,cat__flag_RSTR,0.03545117292901523
seed1_frac0p75,normal,40,cat__service_eco_i,0.03500088713508376
seed1_frac0p75,normal,41,cat__service_ftp_data,0.032965095563568525
seed1_frac0p75,normal,42,cat__service_smtp,0.026974195187449368
seed1_frac0p75,normal,43,num__duration,0.021035605200268037
seed1_frac0p75,normal,44,cat__flag_S1,0.01837252956829616
seed1_frac0p75,normal,45,num__num_shells,0.018094364262651652
seed1_frac0p75,normal,46,cat__flag_S3,0.016218927077716216
seed1_frac0p75,normal,47,cat__service_auth,0.015259924963842764
seed1_frac0p75,normal,48,num__root_shell,0.015019313170341775
seed1_frac0p75,normal,49,cat__service_finger,0.013048253982560709
seed1_frac0p75,normal,50,cat__service_urp_i,0.012592423211572168
seed1_frac0p75,attack,1,num__dst_host_same_srv_rate,0.608954857214485
seed1_frac0p75,attack,2,num__dst_host_same_src_port_rate,0.5967765489585872
seed1_frac0p75,attack,3,num__dst_host_rerror_rate,0.5506416892094421
seed1_frac0p75,attack,4,num__same_srv_rate,0.4879904074114165
seed1_frac0p75,attack,5,num__dst_host_diff_srv_rate,0.4035744040842246
seed1_frac0p75,attack,6,num__dst_host_serror_rate,0.368514111629338
seed1_frac0p75,attack,7,num__dst_host_srv_count,0.36511623752153355
seed1_frac0p75,attack,8,num__logged_in,0.3463510179908553
seed1_frac0p75,attack,9,cat__service_private,0.34573396060204686
seed1_frac0p75,attack,10,cat__flag_S0,0.33619180631285417
seed1_frac0p75,attack,11,num__rerror_rate,0.3352266022329786
seed1_frac0p75,attack,12,num__dst_host_count,0.31981346548673173
seed1_frac0p75,attack,13,cat__service_http,0.26524838895056746
seed1_frac0p75,attack,14,num__count,0.25185898593736056
seed1_frac0p75,attack,15,num__dst_host_srv_serror_rate,0.23305598029190833
seed1_frac0p75,attack,16,num__diff_srv_rate,0.21208245812886162
seed1_frac0p75,attack,17,num__is_guest_login,0.20948272078305763
seed1_frac0p75,attack,18,num__srv_diff_host_rate,0.199614263332478
seed1_frac0p75,attack,19,num__serror_rate,0.1993585079920308
seed1_frac0p75,attack,20,num__dst_host_srv_diff_host_rate,0.18558939501645
seed1_frac0p75,attack,21,num__srv_serror_rate,0.16149142603444488
seed1_frac0p75,attack,22,cat__protocol_type_udp,0.15332560122715222
seed1_frac0p75,attack,23,num__srv_rerror_rate,0.13820822912020958
seed1_frac0p75,attack,24,num__dst_host_srv_rerror_rate,0.1208703724444149
seed1_frac0p75,attack,25,num__srv_count,0.12059075234174088
seed1_frac0p75,attack,26,num__wrong_fragment,0.11770549383072648
seed1_frac0p75,attack,27,cat__flag_RSTO,0.1122184016276151
seed1_frac0p75,attack,28,cat__service_pop_3,0.11117480462417006
seed1_frac0p75,attack,29,num__hot,0.10092161944885447
seed1_frac0p75,attack,30,cat__flag_SF,0.09864563146402361
seed1_frac0p75,attack,31,cat__protocol_type_tcp,0.09725316214235136
seed1_frac0p75,attack,32,cat__flag_REJ,0.09197345831671555
seed1_frac0p75,attack,33,cat__protocol_type_icmp,0.08649572977077469
seed1_frac0p75,attack,34,cat__service_other,0.08189342829791713
seed1_frac0p75,attack,35,cat__service_domain_u,0.08065828960207
seed1_frac0p75,attack,36,cat__service_telnet,0.07444667691015638
seed1_frac0p75,attack,37,cat__service_imap4,0.0697126028526327
seed1_frac0p75,attack,38,cat__service_ecr_i,0.05531135886485572
seed1_frac0p75,attack,39,cat__service_eco_i,0.0430689145962333
seed1_frac0p75,attack,40,cat__flag_RSTR,0.04136475105804038
seed1_frac0p75,attack,41,cat__service_ftp_data,0.04005305814007443
seed1_frac0p75,attack,42,num__root_shell,0.030637224670499563
seed1_frac0p75,attack,43,num__num_failed_logins,0.02993668196722865
seed1_frac0p75,attack,44,cat__service_smtp,0.026377003273410082
seed1_frac0p75,attack,45,num__num_shells,0.025077105266973376
seed1_frac0p75,attack,46,num__duration,0.02174695686213468
seed1_frac0p75,attack,47,cat__flag_S1,0.018245287117679254
seed1_frac0p75,attack,48,cat__service_auth,0.015935083901922553
seed1_frac0p75,attack,49,cat__service_finger,0.015855180759160703
seed1_frac0p75,attack,50,cat__flag_S3,0.015427801437908784
seed1_frac1p0,normal,1,num__dst_host_diff_srv_rate,0.6933714565293485
seed1_frac1p0,normal,2,num__dst_host_same_src_port_rate,0.669041579235909
seed1_frac1p0,normal,3,num__srv_count,0.6158862662564388
seed1_frac1p0,normal,4,num__dst_host_count,0.5469871006062021
seed1_frac1p0,normal,5,num__dst_host_same_srv_rate,0.5344075293178321
seed1_frac1p0,normal,6,cat__flag_S0,0.4369070964094135
seed1_frac1p0,normal,7,cat__service_private,0.4251750016701408
seed1_frac1p0,normal,8,num__dst_host_srv_count,0.42170214885300084
seed1_frac1p0,normal,9,num__same_srv_rate,0.3923508789303014
seed1_frac1p0,normal,10,num__count,0.38893007841306826
seed1_frac1p0,normal,11,num__dst_host_rerror_rate,0.38116705893389735
seed1_frac1p0,normal,12,num__logged_in,0.33857712383633043
seed1_frac1p0,normal,13,num__rerror_rate,0.31611504549618985
seed1_frac1p0,normal,14,num__dst_host_serror_rate,0.2524503451822966
seed1_frac1p0,normal,15,num__dst_host_srv_diff_host_rate,0.22061462955389288
seed1_frac1p0,normal,16,cat__service_http,0.2185028433732441
seed1_frac1p0,normal,17,num__srv_diff_host_rate,0.21600018032404478
seed1_frac1p0,normal,18,cat__protocol_type_tcp,0.21577433385982658
seed1_frac1p0,normal,19,cat__flag_RSTO,0.1680679393466562
seed1_frac1p0,normal,20,num__serror_rate,0.15611067194845418
seed1_frac1p0,normal,21,num__dst_host_srv_rerror_rate,0.14084886705052213
seed1_frac1p0,normal,22,num__hot,0.13662779187234264
seed1_frac1p0,normal,23,cat__flag_REJ,0.13633731609343158
seed1_frac1p0,normal,24,cat__flag_SF,0.13183643247884902
seed1_frac1p0,normal,25,num__srv_serror_rate,0.1301480505580912
seed1_frac1p0,normal,26,num__dst_host_srv_serror_rate,0.12612083066494506
seed1_frac1p0,normal,27,num__diff_srv_rate,0.12600007274772906
seed1_frac1p0,normal,28,num__srv_rerror_rate,0.11043041547964094
seed1_frac1p0,normal,29,num__is_guest_login,0.10319348884831925
seed1_frac1p0,normal,30,cat__service_pop_3,0.10256980219855905
seed1_frac1p0,normal,31,num__wrong_fragment,0.09580199082120089
seed1_frac1p0,normal,32,cat__protocol_type_udp,0.09047170002264693
seed1_frac1p0,normal,33,cat__protocol_type_icmp,0.07434439093685796
seed1_frac1p0,normal,34,cat__service_other,0.0658673375237413
seed1_frac1p0,normal,35,cat__flag_RSTR,0.06037893752636592
seed1_frac1p0,normal,36,cat__service_ftp_data,0.05982921123347751
seed1_frac1p0,normal,37,cat__service_ecr_i,0.05372477764467476
seed1_frac1p0,normal,38,cat__flag_S3,0.05115276301512495
seed1_frac1p0,normal,39,cat__service_domain_u,0.047190129340833664
seed1_frac1p0,normal,40,cat__service_imap4,0.04273311399015256
seed1_frac1p0,normal,41,cat__service_smtp,0.03311567466494125
seed1_frac1p0,normal,42,num__root_shell,0.03112214640714228
seed1_frac1p0,normal,43,cat__service_eco_i,0.02960786039420782
seed1_frac1p0,normal,44,cat__service_finger,0.028848049117641494
seed1_frac1p0,normal,45,num__num_failed_logins,0.02760679228231311
seed1_frac1p0,normal,46,num__duration,0.025034097336884997
seed1_frac1p0,normal,47,cat__service_telnet,0.024207714512158418
seed1_frac1p0,normal,48,cat__service_ftp,0.021632274606432134
seed1_frac1p0,normal,49,cat__service_auth,0.014393767498404486
seed1_frac1p0,normal,50,cat__service_urp_i,0.012680701461704302
seed1_frac1p0,attack,1,num__dst_host_same_src_port_rate,0.7063564365635102
seed1_frac1p0,attack,2,num__dst_host_diff_srv_rate,0.584272448622869
seed1_frac1p0,attack,3,num__count,0.5211811651277003
seed1_frac1p0,attack,4,num__dst_host_same_srv_rate,0.495037619224604
seed1_frac1p0,attack,5,num__srv_count,0.49099669135375734
seed1_frac1p0,attack,6,cat__flag_S0,0.46259116727742366
seed1_frac1p0,attack,7,num__dst_host_rerror_rate,0.4266194571850974
seed1_frac1p0,attack,8,num__rerror_rate,0.4265679007585277
seed1_frac1p0,attack,9,num__dst_host_count,0.41235199478978757
seed1_frac1p0,attack,10,cat__service_private,0.3978248086423264
seed1_frac1p0,attack,11,num__same_srv_rate,0.3908326438686345
seed1_frac1p0,attack,12,num__logged_in,0.32488227488875054
seed1_frac1p0,attack,13,num__dst_host_srv_count,0.3069492713711952
seed1_frac1p0,attack,14,num__dst_host_serror_rate,0.27376241914794264
seed1_frac1p0,attack,15,cat__service_http,0.24080315639002947
seed1_frac1p0,attack,16,num__dst_host_srv_diff_host_rate,0.19298586242757665
seed1_frac1p0,attack,17,num__dst_host_srv_serror_rate,0.1869531990039377
seed1_frac1p0,attack,18,num__srv_serror_rate,0.17747606735247246
seed1_frac1p0,attack,19,num__srv_diff_host_rate,0.17651926845940125
seed1_frac1p0,attack,20,num__serror_rate,0.17539316197689914
seed1_frac1p0,attack,21,cat__protocol_type_tcp,0.1551816369592416
seed1_frac1p0,attack,22,cat__flag_RSTO,0.14067860366776586
seed1_frac1p0,attack,23,num__srv_rerror_rate,0.1367619305201515
seed1_frac1p0,attack,24,num__diff_srv_rate,0.12989619148845577
seed1_frac1p0,attack,25,num__dst_host_srv_rerror_rate,0.12452475981535827
seed1_frac1p0,attack,26,cat__flag_REJ,0.11084902341826819
seed1_frac1p0,attack,27,num__hot,0.10902048055231717
seed1_frac1p0,attack,28,num__wrong_fragment,0.09959921022164053
seed1_frac1p0,attack,29,cat__protocol_type_icmp,0.0876539289597531
seed1_frac1p0,attack,30,cat__service_pop_3,0.08691645693033934
seed1_frac1p0,attack,31,cat__flag_SF,0.08661843500340183
seed1_frac1p0,attack,32,num__is_guest_login,0.08414723568824911
seed1_frac1p0,attack,33,cat__protocol_type_udp,0.08028871054102638
seed1_frac1p0,attack,34,cat__service_ftp_data,0.05824387260747699
seed1_frac1p0,attack,35,cat__service_other,0.05697133204648708
seed1_frac1p0,attack,36,cat__flag_RSTR,0.05186115019398585
seed1_frac1p0,attack,37,cat__service_domain_u,0.05183457023213123
seed1_frac1p0,attack,38,cat__service_ecr_i,0.0490324805293767
seed1_frac1p0,attack,39,cat__service_imap4,0.043349059652541655
seed1_frac1p0,attack,40,cat__service_eco_i,0.03787237346182337
seed1_frac1p0,attack,41,cat__flag_S3,0.035340546841325704
seed1_frac1p0,attack,42,cat__service_smtp,0.027701941328132307
seed1_frac1p0,attack,43,cat__service_finger,0.027222166320029828
seed1_frac1p0,attack,44,cat__service_telnet,0.02561118016274122
seed1_frac1p0,attack,45,num__duration,0.022922669226545622
seed1_frac1p0,attack,46,cat__service_ftp,0.021265473605321716
seed1_frac1p0,attack,47,cat__service_time,0.013344162776093071
seed1_frac1p0,attack,48,num__num_shells,0.0130505315028131
seed1_frac1p0,attack,49,cat__service_auth,0.012951758363669796
seed1_frac1p0,attack,50,num__land,0.011914981789184154
seed2_frac0p5,normal,1,num__dst_host_same_src_port_rate,0.8466832754202187
seed2_frac0p5,normal,2,num__srv_count,0.7007893613854321
seed2_frac0p5,normal,3,num__dst_host_srv_count,0.5899941391908214
seed2_frac0p5,normal,4,num__count,0.5511679686148909
seed2_frac0p5,normal,5,num__same_srv_rate,0.4985416098297719
seed2_frac0p5,normal,6,num__dst_host_count,0.37800064937619027
seed2_frac0p5,normal,7,cat__service_private,0.36825805481203133
seed2_frac0p5,normal,8,cat__flag_S0,0.3633998712139146
seed2_frac0p5,normal,9,num__dst_host_rerror_rate,0.3484598437130444
seed2_frac0p5,normal,10,num__dst_host_same_srv_rate,0.3368888907953078
seed2_frac0p5,normal,11,num__logged_in,0.31748747196161275
seed2_frac0p5,normal,12,num__rerror_rate,0.3173058524589578
seed2_frac0p5,normal,13,num__dst_host_diff_srv_rate,0.297848026812062
seed2_frac0p5,normal,14,cat__service_http,0.27342778327147244
seed2_frac0p5,normal,15,num__serror_rate,0.2636372793567716
seed2_frac0p5,normal,16,num__dst_host_serror_rate,0.24457962658561883
seed2_frac0p5,normal,17,num__diff_srv_rate,0.1901082445724569
seed2_frac0p5,normal,18,cat__protocol_type_udp,0.1878883616231235
seed2_frac0p5,normal,19,num__srv_rerror_rate,0.18476910154686266
seed2_frac0p5,normal,20,cat__service_pop_3,0.18229591706767678
seed2_frac0p5,normal,21,num__dst_host_srv_diff_host_rate,0.1721109988848184
seed2_frac0p5,normal,22,num__is_guest_login,0.16031312603729475
seed2_frac0p5,normal,23,num__dst_host_srv_serror_rate,0.15460370317305205
seed2_frac0p5,normal,24,cat__service_other,0.1278275462645979
seed2_frac0p5,normal,25,num__srv_diff_host_rate,0.12467433883648482
seed2_frac0p5,normal,26,num__dst_host_srv_rerror_rate,0.12368483126238061
seed2_frac0p5,normal,27,num__num_failed_logins,0.11821148172020912
seed2_frac0p5,normal,28,num__srv_serror_rate,0.11567997849238054
seed2_frac0p5,normal,29,num__hot,0.11135546197965596
seed2_frac0p5,normal,30,cat__protocol_type_tcp,0.09504132505935559
seed2_frac0p5,normal,31,cat__service_imap4,0.09439207263130811
seed2_frac0p5,normal,32,num__wrong_fragment,0.08830683780252002
seed2_frac0p5,normal,33,num__root_shell,0.08234495390206575
seed2_frac0p5,normal,34,cat__flag_RSTO,0.07956919178832322
seed2_frac0p5,normal,35,cat__flag_REJ,0.07286572748489561
seed2_frac0p5,normal,36,cat__flag_SF,0.07002261273464683
seed2_frac0p5,normal,37,cat__service_domain_u,0.06561044057662002
seed2_frac0p5,normal,38,cat__service_ecr_i,0.06023214476272187
seed2_frac0p5,normal,39,num__num_shells,0.056397092528641224
seed2_frac0p5,normal,40,cat__protocol_type_icmp,0.05523218652501782
seed2_frac0p5,normal,41,cat__service_ftp_data,0.0547136697859969
seed2_frac0p5,normal,42,cat__service_telnet,0.047396131356435944
seed2_frac0p5,normal,43,cat__flag_S3,0.04668812453746796
seed2_frac0p5,normal,44,cat__flag_RSTR,0.04307484973958253
seed2_frac0p5,normal,45,cat__service_eco_i,0.04279446279815602
seed2_frac0p5,normal,46,cat__service_ftp,0.041316511812770074
seed2_frac0p5,normal,47,cat__service_smtp,0.038073455266953715
seed2_frac0p5,normal,48,num__duration,0.021726111811403825
seed2_frac0p5,normal,49,cat__service_sunrpc,0.019245580286650465
seed2_frac0p5,normal,50,cat__service_finger,0.018631660511459813
seed2_frac0p5,attack,1,num__dst_host_same_src_port_rate,0.7284809804841643
seed2_frac0p5,attack,2,num__srv_count,0.6393305121664525
seed2_frac0p5,attack,3,num__count,0.5701755041127399
seed2_frac0p5,attack,4,num__same_srv_rate,0.5051695067122637
seed2_frac0p5,attack,5,num__dst_host_srv_count,0.48635179389657424
seed2_frac0p5,attack,6,num__dst_host_same_srv_rate,0.41373745380587934
seed2_frac0p5,attack,7,cat__service_private,0.33751962074893527
seed2_frac0p5,attack,8,num__dst_host_count,0.32750910903996555
seed2_frac0p5,attack,9,num__logged_in,0.32589591608302726
seed2_frac0p5,attack,10,cat__flag_S0,0.3134810006654334
seed2_frac0p5,attack,11,num__dst_host_diff_srv_rate,0.29601041262412764
seed2_frac0p5,attack,12,cat__service_http,0.2849578476889292
seed2_frac0p5,attack,13,num__rerror_rate,0.28133083016609817
seed2_frac0p5,attack,14,num__dst_host_rerror_rate,0.27959029683916015
seed2_frac0p5,attack,15,num__serror_rate,0.273326055623329
seed2_frac0p5,attack,16,num__dst_host_serror_rate,0.27090760228929867
seed2_frac0p5,attack,17,cat__protocol_type_udp,0.1932800228087217
seed2_frac0p5,attack,18,cat__service_pop_3,0.16270943731069565
seed2_frac0p5,attack,19,num__diff_srv_rate,0.1599692507970758
seed2_frac0p5,attack,20,num__srv_rerror_rate,0.14830296997615733
seed2_frac0p5,attack,21,num__srv_diff_host_rate,0.1373970394488424
seed2_frac0p5,attack,22,num__dst_host_srv_rerror_rate,0.13587704992824
seed2_frac0p5,attack,23,num__dst_host_srv_serror_rate,0.1282557084414293
seed2_frac0p5,attack,24,cat__protocol_type_tcp,0.12502450076453897
seed2_frac0p5,attack,25,cat__service_other,0.12494990365667036
seed2_frac0p5,attack,26,num__srv_serror_rate,0.11968327401564238
seed2_frac0p5,attack,27,num__is_guest_login,0.11044884905082597
seed2_frac0p5,attack,28,num__wrong_fragment,0.10577553077200719
seed2_frac0p5,attack,29,cat__service_imap4,0.1016738084545068
seed2_frac0p5,attack,30,num__dst_host_srv_diff_host_rate,0.09469442338377121
seed2_frac0p5,attack,31,cat__flag_SF,0.09046320092056703
seed2_frac0p5,attack,32,num__hot,0.0832644427523519
seed2_frac0p5,attack,33,cat__flag_REJ,0.07848071963644543
seed2_frac0p5,attack,34,num__root_shell,0.07837948948144913
seed2_frac0p5,attack,35,cat__flag_RSTO,0.07729362323880196
seed2_frac0p5,attack,36,num__num_failed_logins,0.06817404367029667
seed2_frac0p5,attack,37,cat__service_domain_u,0.0679495928088727
seed2_frac0p5,attack,38,cat__protocol_type_icmp,0.046857990283115214
seed2_frac0p5,attack,39,num__num_shells,0.04624326340854168
seed2_frac0p5,attack,40,cat__service_telnet,0.04570356035037548
seed2_frac0p5,attack,41,cat__service_ecr_i,0.04384844963988144
seed2_frac0p5,attack,42,cat__flag_S3,0.043623707024380565
seed2_frac0p5,attack,43,cat__service_eco_i,0.04213524715487438
seed2_frac0p5,attack,44,cat__flag_RSTR,0.04031502644591001
seed2_frac0p5,attack,45,cat__service_smtp,0.035467875965423445
seed2_frac0p5,attack,46,cat__service_ftp_data,0.03177378359691829
seed2_frac0p5,attack,47,cat__service_ftp,0.030446909724720667
seed2_frac0p5,attack,48,num__duration,0.02353539410535177
seed2_frac0p5,attack,49,cat__service_urp_i,0.015765791761623404
seed2_frac0p5,attack,50,cat__service_sunrpc,0.015058910427860894
seed2_frac0p75,normal,1,num__dst_host_srv_count,0.7028846184675785
seed2_frac0p75,normal,2,num__dst_host_same_src_port_rate,0.7023270032004802
seed2_frac0p75,normal,3,num__srv_count,0.593641323224233
seed2_frac0p75,normal,4,num__dst_host_count,0.45236225983899203
seed2_frac0p75,normal,5,cat__service_private,0.42778238414030056
seed2_frac0p75,normal,6,num__count,0.41037168954699155
seed2_frac0p75,normal,7,num__dst_host_diff_srv_rate,0.3869073923253836
seed2_frac0p75,normal,8,num__dst_host_same_srv_rate,0.37869984383178235
seed2_frac0p75,normal,9,num__srv_diff_host_rate,0.35127231611841125
seed2_frac0p75,normal,10,cat__flag_S0,0.349640224137147
seed2_frac0p75,normal,11,num__dst_host_rerror_rate,0.34533167496988426
seed2_frac0p75,normal,12,num__same_srv_rate,0.31975596527627204
seed2_frac0p75,normal,13,num__logged_in,0.2984486474615551
seed2_frac0p75,normal,14,num__is_guest_login,0.2636631145118713
seed2_frac0p75,normal,15,num__dst_host_serror_rate,0.21140567548286526
seed2_frac0p75,normal,16,num__srv_serror_rate,0.20060296220253804
seed2_frac0p75,normal,17,num__rerror_rate,0.19869674426445272
seed2_frac0p75,normal,18,num__srv_rerror_rate,0.1973925985207643
seed2_frac0p75,normal,19,num__dst_host_srv_diff_host_rate,0.17867508066046867
seed2_frac0p75,normal,20,cat__protocol_type_tcp,0.17248827447474468
seed2_frac0p75,normal,21,cat__flag_RSTO,0.16298999916762114
seed2_frac0p75,normal,22,cat__service_http,0.1451758811963373
seed2_frac0p75,normal,23,cat__service_pop_3,0.1417994275689125
seed2_frac0p75,normal,24,num__dst_host_srv_rerror_rate,0.13229139973009296
seed2_frac0p75,normal,25,num__serror_rate,0.13124009179318818
seed2_frac0p75,normal,26,cat__flag_REJ,0.12956013732946303
seed2_frac0p75,normal,27,num__hot,0.11500161622461746
seed2_frac0p75,normal,28,num__wrong_fragment,0.10524573248403613
seed2_frac0p75,normal,29,num__dst_host_srv_serror_rate,0.09968712671286539
seed2_frac0p75,normal,30,cat__service_telnet,0.09916586615145206
seed2_frac0p75,normal,31,cat__protocol_type_udp,0.09666348513815137
seed2_frac0p75,normal,32,num__diff_srv_rate,0.09327692288570688
seed2_frac0p75,normal,33,cat__service_domain_u,0.08843398164253813
seed2_frac0p75,normal,34,cat__service_other,0.084536028537741
seed2_frac0p75,normal,35,cat__flag_SF,0.06961436620622408
seed2_frac0p75,normal,36,num__num_shells,0.06711888033896685
seed2_frac0p75,normal,37,cat__service_imap4,0.05965580569682061
seed2_frac0p75,normal,38,cat__service_ftp_data,0.05724878545993306
seed2_frac0p75,normal,39,cat__protocol_type_icmp,0.05541941729075006
seed2_frac0p75,normal,40,cat__service_ecr_i,0.04997477967026498
seed2_frac0p75,normal,41,num__root_shell,0.046153526520356536
seed2_frac0p75,normal,42,cat__flag_RSTR,0.03897859378002977
seed2_frac0p75,normal,43,num__duration,0.0378452322260614
seed2_frac0p75,normal,44,cat__service_smtp,0.03634536029608171
seed2_frac0p75,normal,45,cat__service_eco_i,0.036235875220654634
seed2_frac0p75,normal,46,cat__service_finger,0.024554753781671934
seed2_frac0p75,normal,47,num__num_failed_logins,0.022709828452207148
seed2_frac0p75,normal,48,cat__service_urp_i,0.0221919818141032
seed2_frac0p75,normal,49,cat__service_sunrpc,0.01992340124792058
seed2_frac0p75,normal,50,cat__service_ftp,0.01617414351926527
seed2_frac0p75,attack,1,num__dst_host_srv_count,0.6222777640068671
seed2_frac0p75,attack,2,num__srv_count,0.5143702480254433
seed2_frac0p75,attack,3,num__dst_host_same_srv_rate,0.49430905255303514
seed2_frac0p75,attack,4,num__dst_host_same_src_port_rate,0.4776890783214185
seed2_frac0p75,attack,5,num__count,0.4613996332868737
seed2_frac0p75,attack,6,cat__service_private,0.39508109835423966
seed2_frac0p75,attack,7,num__dst_host_diff_srv_rate,0.3758401297563978
seed2_frac0p75,attack,8,num__dst_host_count,0.35189988486513357
seed2_frac0p75,attack,9,cat__flag_S0,0.3015515843428602
seed2_frac0p75,attack,10,num__dst_host_rerror_rate,0.28853303164032695
seed2_frac0p75,attack,11,num__same_srv_rate,0.2813900862383889
seed2_frac0p75,attack,12,num__logged_in,0.27102693787446697
seed2_frac0p75,attack,13,num__srv_diff_host_rate,0.2665602948909509
seed2_frac0p75,attack,14,num__srv_serror_rate,0.2091782864929428
seed2_frac0p75,attack,15,num__is_guest_login,0.1905239691700018
seed2_frac0p75,attack,16,num__rerror_rate,0.17698394946182816
seed2_frac0p75,attack,17,num__dst_host_serror_rate,0.17539997152562137
seed2_frac0p75,attack,18,num__dst_host_srv_rerror_rate,0.16580657188148962
seed2_frac0p75,attack,19,cat__protocol_type_tcp,0.15790667003147973
seed2_frac0p75,attack,20,cat__service_http,0.15658805106977525
seed2_frac0p75,attack,21,num__srv_rerror_rate,0.15027963163538516
seed2_frac0p75,attack,22,cat__flag_RSTO,0.13993098051287234
seed2_frac0p75,attack,23,num__dst_host_srv_diff_host_rate,0.135378185141235
seed2_frac0p75,attack,24,num__wrong_fragment,0.12529709748923779
seed2_frac0p75,attack,25,num__serror_rate,0.12218023557261404
seed2_frac0p75,attack,26,cat__flag_REJ,0.11565301819155138
seed2_frac0p75,attack,27,cat__service_pop_3,0.11489298776723444
seed2_frac0p75,attack,28,num__hot,0.09927246116330934
seed2_frac0p75,attack,29,cat__protocol_type_udp,0.09406485383783547
seed2_frac0p75,attack,30,num__dst_host_srv_serror_rate,0.09173293671165084
seed2_frac0p75,attack,31,cat__service_telnet,0.09129937626130413
seed2_frac0p75,attack,32,cat__service_other,0.08582208804682523
seed2_frac0p75,attack,33,num__diff_srv_rate,0.0810475109528852
seed2_frac0p75,attack,34,cat__service_domain_u,0.07536852358180113
seed2_frac0p75,attack,35,cat__flag_SF,0.07195218666788605
seed2_frac0p75,attack,36,cat__service_imap4,0.060742366940758075
seed2_frac0p75,attack,37,cat__protocol_type_icmp,0.05939150934773352
seed2_frac0p75,attack,38,cat__service_ecr_i,0.054559240245680485
seed2_frac0p75,attack,39,cat__service_ftp_data,0.04558094281310332
seed2_frac0p75,attack,40,num__num_shells,0.039768549147993326
seed2_frac0p75,attack,41,cat__flag_RSTR,0.038180778006449145
seed2_frac0p75,attack,42,cat__service_eco_i,0.036441127373564086
seed2_frac0p75,attack,43,num__root_shell,0.03612876869738102
seed2_frac0p75,attack,44,cat__service_smtp,0.031687223229766914
seed2_frac0p75,attack,45,num__duration,0.029920828914328013
seed2_frac0p75,attack,46,cat__service_finger,0.02572173063617811
seed2_frac0p75,attack,47,cat__service_urp_i,0.01977763658760523
seed2_frac0p75,attack,48,num__num_failed_logins,0.01725782419089228
seed2_frac0p75,attack,49,cat__service_sunrpc,0.01719726814972944
seed2_frac0p75,attack,50,cat__service_auth,0.013346490723961324
seed2_frac1p0,normal,1,num__dst_host_same_src_port_rate,0.5751484228494519
seed2_frac1p0,normal,2,num__dst_host_srv_count,0.48135686260320654
seed2_frac1p0,normal,3,num__dst_host_count,0.4720926395557399
seed2_frac1p0,normal,4,num__dst_host_same_srv_rate,0.38057585444948927
seed2_frac1p0,normal,5,num__count,0.3792614314770617
seed2_frac1p0,normal,6,num__dst_host_diff_srv_rate,0.3430980616603847
seed2_frac1p0,normal,7,num__srv_count,0.3311673011685343
seed2_frac1p0,normal,8,cat__flag_S0,0.3188313912214653
seed2_frac1p0,normal,9,cat__service_private,0.31219525180131313
seed2_frac1p0,normal,10,num__dst_host_rerror_rate,0.3092266500975711
seed2_frac1p0,normal,11,num__dst_host_srv_serror_rate,0.2963014512642985
seed2_frac1p0,normal,12,num__same_srv_rate,0.29443018424717593
seed2_frac1p0,normal,13,num__logged_in,0.28853614662148175
seed2_frac1p0,normal,14,num__dst_host_serror_rate,0.2616535867746279
seed2_frac1p0,normal,15,num__rerror_rate,0.22414446510083508
seed2_frac1p0,normal,16,num__srv_serror_rate,0.20701983533763268
seed2_frac1p0,normal,17,num__dst_host_srv_diff_host_rate,0.20400508355396596
seed2_frac1p0,normal,18,num__srv_diff_host_rate,0.2027676725956553
seed2_frac1p0,normal,19,num__dst_host_srv_rerror_rate,0.19117751786427561
seed2_frac1p0,normal,20,cat__service_http,0.17677155807450617
seed2_frac1p0,normal,21,num__srv_rerror_rate,0.1384274513472974
seed2_frac1p0,normal,22,num__serror_rate,0.1236113077338814
seed2_frac1p0,normal,23,cat__flag_RSTO,0.10751599702052772
seed2_frac1p0,normal,24,cat__service_pop_3,0.10680563654750586
seed2_frac1p0,normal,25,cat__protocol_type_tcp,0.09359239256264118
seed2_frac1p0,normal,26,cat__protocol_type_udp,0.08923494222767658
seed2_frac1p0,normal,27,num__hot,0.08500384684521123
seed2_frac1p0,normal,28,num__wrong_fragment,0.08338444944820367
seed2_frac1p0,normal,29,cat__flag_REJ,0.08045453398835889
seed2_frac1p0,normal,30,num__num_shells,0.07964789867401123
seed2_frac1p0,normal,31,num__diff_srv_rate,0.07763463339620102
seed2_frac1p0,normal,32,cat__flag_SF,0.07408898642961503
seed2_frac1p0,normal,33,cat__service_imap4,0.06470875610466464
seed2_frac1p0,normal,34,cat__service_domain_u,0.0636404517426854
seed2_frac1p0,normal,35,cat__service_other,0.060071037360557966
seed2_frac1p0,normal,36,cat__service_telnet,0.05798892196617089
seed2_frac1p0,normal,37,cat__protocol_type_icmp,0.05355773117730678
seed2_frac1p0,normal,38,cat__service_ecr_i,0.051897296072866084
seed2_frac1p0,normal,39,cat__service_ftp_data,0.0457266637677094
seed2_frac1p0,normal,40,num__root_shell,0.042563839291688055
seed2_frac1p0,normal,41,cat__flag_RSTR,0.04123908976544044
seed2_frac1p0,normal,42,cat__service_eco_i,0.0361425374302371
seed2_frac1p0,normal,43,num__is_guest_login,0.03395916149481337
seed2_frac1p0,normal,44,cat__service_smtp,0.029566818298917497
seed2_frac1p0,normal,45,cat__flag_S3,0.02362640982028097
seed2_frac1p0,normal,46,num__duration,0.020418792583484446
seed2_frac1p0,normal,47,num__num_failed_logins,0.01669503829907626
seed2_frac1p0,normal,48,cat__service_urp_i,0.015832513799978187
seed2_frac1p0,normal,49,cat__service_ftp,0.014994273620539289
seed2_frac1p0,normal,50,cat__service_finger,0.014810779162303334
seed2_frac1p0,attack,1,num__dst_host_same_src_port_rate,0.4941052889043931
seed2_frac1p0,attack,2,num__dst_host_same_srv_rate,0.4541186160564621
seed2_frac1p0,attack,3,num__count,0.4292457921892492
seed2_frac1p0,attack,4,num__dst_host_srv_count,0.38150831985149125
seed2_frac1p0,attack,5,num__dst_host_diff_srv_rate,0.34503114582776107
seed2_frac1p0,attack,6,num__dst_host_count,0.3421823955986838
seed2_frac1p0,attack,7,num__same_srv_rate,0.32337080287834397
seed2_frac1p0,attack,8,cat__flag_S0,0.2929288399620873
seed2_frac1p0,attack,9,cat__service_private,0.2923297376219125
seed2_frac1p0,attack,10,num__dst_host_srv_serror_rate,0.288608022761764
seed2_frac1p0,attack,11,num__logged_in,0.28455995964657177
seed2_frac1p0,attack,12,num__dst_host_rerror_rate,0.2678197489012746
seed2_frac1p0,attack,13,num__dst_host_serror_rate,0.25301853822929843
seed2_frac1p0,attack,14,num__srv_count,0.23202280604937187
seed2_frac1p0,attack,15,num__rerror_rate,0.21801886855610064
seed2_frac1p0,attack,16,num__srv_serror_rate,0.21444580676882197
seed2_frac1p0,attack,17,cat__service_http,0.19060559532954358
seed2_frac1p0,attack,18,cat__protocol_type_tcp,0.1363030753818748
seed2_frac1p0,attack,19,num__serror_rate,0.1191027956207904
seed2_frac1p0,attack,20,num__dst_host_srv_diff_host_rate,0.11829721639060153
seed2_frac1p0,attack,21,num__srv_diff_host_rate,0.11661255615945265
seed2_frac1p0,attack,22,num__dst_host_srv_rerror_rate,0.11428970286374351
seed2_frac1p0,attack,23,num__diff_srv_rate,0.1109906658402906
seed2_frac1p0,attack,24,num__wrong_fragment,0.10489517029782292
seed2_frac1p0,attack,25,cat__flag_RSTO,0.10437124432064593
seed2_frac1p0,attack,26,cat__service_pop_3,0.09467091714031994
seed2_frac1p0,attack,27,cat__protocol_type_udp,0.08839359496960242
seed2_frac1p0,attack,28,cat__flag_SF,0.08813839794402156
seed2_frac1p0,attack,29,cat__service_telnet,0.07962396790389903
seed2_frac1p0,attack,30,cat__flag_REJ,0.07862687232818644
seed2_frac1p0,attack,31,num__hot,0.07289575075810717
seed2_frac1p0,attack,32,num__srv_rerror_rate,0.07199411791725652
seed2_frac1p0,attack,33,cat__service_imap4,0.06529151332688343
seed2_frac1p0,attack,34,cat__service_other,0.06342939512444445
seed2_frac1p0,attack,35,cat__service_domain_u,0.05867318924720166
seed2_frac1p0,attack,36,cat__protocol_type_icmp,0.048874438896461925
seed2_frac1p0,attack,37,cat__flag_RSTR,0.0412782717266964
seed2_frac1p0,attack,38,num__is_guest_login,0.039342853254638044
seed2_frac1p0,attack,39,cat__service_ecr_i,0.0378948845850573
seed2_frac1p0,attack,40,cat__service_ftp_data,0.0376095792543083
seed2_frac1p0,attack,41,cat__service_eco_i,0.03352651483100999
seed2_frac1p0,attack,42,num__num_shells,0.03072807425633073
seed2_frac1p0,attack,43,num__root_shell,0.030401313910260797
seed2_frac1p0,attack,44,num__duration,0.029451674338357492
seed2_frac1p0,attack,45,num__num_failed_logins,0.02828654902987182
seed2_frac1p0,attack,46,cat__service_smtp,0.021899041623612447
seed2_frac1p0,attack,47,cat__service_finger,0.01532849005116077
seed2_frac1p0,attack,48,cat__flag_S3,0.014434074262680952
seed2_frac1p0,attack,49,cat__service_urp_i,0.014118771126049978
seed2_frac1p0,attack,50,cat__service_auth,0.011583624848981344
seed3_frac0p5,normal,1,num__dst_host_same_src_port_rate,0.792462942248676
seed3_frac0p5,normal,2,num__dst_host_srv_count,0.6065669150266331
seed3_frac0p5,normal,3,cat__service_private,0.5197850379045121
seed3_frac0p5,normal,4,num__dst_host_same_srv_rate,0.46318987025733804
seed3_frac0p5,normal,5,num__srv_serror_rate,0.4157690194224415
seed3_frac0p5,normal,6,num__count,0.41482675719271356
seed3_frac0p5,normal,7,num__dst_host_rerror_rate,0.3979684897312836
seed3_frac0p5,normal,8,num__dst_host_srv_serror_rate,0.36741371381867793
seed3_frac0p5,normal,9,num__same_srv_rate,0.35782538815328735
seed3_frac0p5,normal,10,num__dst_host_serror_rate,0.3172622044239688
seed3_frac0p5,normal,11,num__rerror_rate,0.30223428671160946
seed3_frac0p5,normal,12,num__srv_rerror_rate,0.29628579390646337
seed3_frac0p5,normal,13,num__dst_host_count,0.2824132199889391
seed3_frac0p5,normal,14,num__dst_host_diff_srv_rate,0.27519572866094677
seed3_frac0p5,normal,15,cat__service_http,0.21867933344037738
seed3_frac0p5,normal,16,cat__protocol_type_tcp,0.216569451502437
seed3_frac0p5,normal,17,cat__service_pop_3,0.2087362101301551
seed3_frac0p5,normal,18,num__logged_in,0.19710546685791996
seed3_frac0p5,normal,19,cat__flag_S0,0.1775730041672432
seed3_frac0p5,normal,20,num__dst_host_srv_diff_host_rate,0.169629645099576
seed3_frac0p5,normal,21,cat__protocol_type_udp,0.137896802043997
seed3_frac0p5,normal,22,num__hot,0.1345726406329959
seed3_frac0p5,normal,23,num__srv_diff_host_rate,0.12401161245725234
seed3_frac0p5,normal,24,num__is_guest_login,0.12319369991098483
seed3_frac0p5,normal,25,num__serror_rate,0.12232167160345853
seed3_frac0p5,normal,26,num__diff_srv_rate,0.12207619172704653
seed3_frac0p5,normal,27,num__wrong_fragment,0.12081259641126962
seed3_frac0p5,normal,28,num__dst_host_srv_rerror_rate,0.1162483616031551
seed3_frac0p5,normal,29,cat__flag_SF,0.11135331955901506
seed3_frac0p5,normal,30,cat__flag_RSTO,0.08341825637035072
seed3_frac0p5,normal,31,cat__service_other,0.07252748774590145
seed3_frac0p5,normal,32,cat__service_telnet,0.07089780413662083
seed3_frac0p5,normal,33,num__srv_count,0.06865853807323674
seed3_frac0p5,normal,34,num__num_shells,0.0672476775944233
seed3_frac0p5,normal,35,cat__flag_RSTR,0.06529128646980098
seed3_frac0p5,normal,36,cat__protocol_type_icmp,0.05759525085795758
seed3_frac0p5,normal,37,cat__service_ecr_i,0.054189004804356955
seed3_frac0p5,normal,38,cat__flag_REJ,0.04718246033110063
seed3_frac0p5,normal,39,cat__service_domain_u,0.04668617503193673
seed3_frac0p5,normal,40,cat__service_imap4,0.046298028167257144
seed3_frac0p5,normal,41,cat__service_ftp_data,0.040877165533856896
seed3_frac0p5,normal,42,num__num_failed_logins,0.040574872866272926
seed3_frac0p5,normal,43,num__root_shell,0.032516927225515246
seed3_frac0p5,normal,44,cat__service_eco_i,0.03235898157799966
seed3_frac0p5,normal,45,cat__service_finger,0.032173110233088664
seed3_frac0p5,normal,46,cat__service_sunrpc,0.025070500979836652
seed3_frac0p5,normal,47,cat__service_urp_i,0.02123904913696606
seed3_frac0p5,normal,48,cat__service_auth,0.020980072711608955
seed3_frac0p5,normal,49,cat__service_smtp,0.02018979366766871
seed3_frac0p5,normal,50,num__duration,0.019080922975945214
seed3_frac0p5,attack,1,num__dst_host_same_src_port_rate,0.6682497095243889
seed3_frac0p5,attack,2,num__dst_host_srv_count,0.5588856470649262
seed3_frac0p5,attack,3,num__count,0.4182560415138141
seed3_frac0p5,attack,4,cat__service_private,0.4104538082756335
seed3_frac0p5,attack,5,num__dst_host_rerror_rate,0.4026662713440601
seed3_frac0p5,attack,6,num__dst_host_srv_serror_rate,0.34155986047699116
seed3_frac0p5,attack,7,num__dst_host_same_srv_rate,0.3392827088736112
seed3_frac0p5,attack,8,num__same_srv_rate,0.33088873098131444
seed3_frac0p5,attack,9,num__srv_serror_rate,0.32965811638132436
seed3_frac0p5,attack,10,num__dst_host_diff_srv_rate,0.30081942139935336
seed3_frac0p5,attack,11,num__dst_host_serror_rate,0.2829261219144428
seed3_frac0p5,attack,12,num__dst_host_count,0.2716056927442878
seed3_frac0p5,attack,13,num__srv_rerror_rate,0.22874482162092136
seed3_frac0p5,attack,14,num__rerror_rate,0.22803088440559804
seed3_frac0p5,attack,15,num__logged_in,0.20978495414874487
seed3_frac0p5,attack,16,cat__flag_S0,0.19046224683415858
seed3_frac0p5,attack,17,cat__service_pop_3,0.18849047180265188
seed3_frac0p5,attack,18,num__diff_srv_rate,0.1805362052282362
seed3_frac0p5,attack,19,cat__service_http,0.1667940682527842
seed3_frac0p5,attack,20,cat__protocol_type_tcp,0.16485821289052183
seed3_frac0p5,attack,21,num__serror_rate,0.15000507412446495
seed3_frac0p5,attack,22,cat__protocol_type_udp,0.13028038779475537
seed3_frac0p5,attack,23,num__dst_host_srv_diff_host_rate,0.13027157369560882
seed3_frac0p5,attack,24,num__hot,0.12853893360897928
seed3_frac0p5,attack,25,num__wrong_fragment,0.11802326323231682
seed3_frac0p5,attack,26,cat__flag_SF,0.10817514573227527
seed3_frac0p5,attack,27,num__srv_diff_host_rate,0.09611000121367397
seed3_frac0p5,attack,28,cat__service_telnet,0.09262870257953182
seed3_frac0p5,attack,29,num__srv_count,0.09244797071301036
seed3_frac0p5,attack,30,cat__flag_RSTO,0.08841128507629037
seed3_frac0p5,attack,31,num__dst_host_srv_rerror_rate,0.08206646994494804
seed3_frac0p5,attack,32,num__is_guest_login,0.07718085189412704
seed3_frac0p5,attack,33,num__num_shells,0.07190393563359976
seed3_frac0p5,attack,34,cat__service_other,0.06903837138816016
seed3_frac0p5,attack,35,cat__flag_RSTR,0.06508214046334615
seed3_frac0p5,attack,36,cat__protocol_type_icmp,0.05746125969380955
seed3_frac0p5,attack,37,cat__flag_REJ,0.05385903348150123
seed3_frac0p5,attack,38,cat__service_ecr_i,0.04922411355073564
seed3_frac0p5,attack,39,num__root_shell,0.047519266372546554
seed3_frac0p5,attack,40,cat__service_domain_u,0.045540309354692
seed3_frac0p5,attack,41,cat__service_imap4,0.04386959839632709
seed3_frac0p5,attack,42,cat__service_ftp_data,0.03975816154979839
seed3_frac0p5,attack,43,cat__service_finger,0.03124669427779736
seed3_frac0p5,attack,44,cat__service_eco_i,0.029354248658137294
seed3_frac0p5,attack,45,num__duration,0.026337190410686162
seed3_frac0p5,attack,46,num__num_failed_logins,0.023696643533185124
seed3_frac0p5,attack,47,cat__service_sunrpc,0.021958775046577728
seed3_frac0p5,attack,48,cat__service_smtp,0.018692754654694
seed3_frac0p5,attack,49,num__su_attempted,0.01795237325131893
seed3_frac0p5,attack,50,num__land,0.016773638400593427
seed3_frac0p75,normal,1,num__dst_host_same_src_port_rate,0.7287452102600582
seed3_frac0p75,normal,2,num__dst_host_same_srv_rate,0.5684927915935987
seed3_frac0p75,normal,3,num__dst_host_srv_count,0.4224037561059504
seed3_frac0p75,normal,4,cat__service_private,0.3763438554565255
seed3_frac0p75,normal,5,num__rerror_rate,0.3204777783503232
seed3_frac0p75,normal,6,num__dst_host_rerror_rate,0.3179136350227054
seed3_frac0p75,normal,7,num__dst_host_count,0.3045347460938501
seed3_frac0p75,normal,8,num__count,0.3027549227014106
seed3_frac0p75,normal,9,num__dst_host_serror_rate,0.2987166739476379
seed3_frac0p75,normal,10,num__same_srv_rate,0.29550542141987535
seed3_frac0p75,normal,11,num__dst_host_srv_serror_rate,0.2934879466656639
seed3_frac0p75,normal,12,num__srv_serror_rate,0.2927387319577974
seed3_frac0p75,normal,13,num__dst_host_diff_srv_rate,0.2553282479493646
seed3_frac0p75,normal,14,num__srv_rerror_rate,0.2531147463455454
seed3_frac0p75,normal,15,num__diff_srv_rate,0.24843572879444764
seed3_frac0p75,normal,16,cat__flag_S0,0.241777666771668
seed3_frac0p75,normal,17,num__srv_diff_host_rate,0.2348331385601341
seed3_frac0p75,normal,18,cat__protocol_type_tcp,0.2275142507342025
seed3_frac0p75,normal,19,num__logged_in,0.20003234679552406
seed3_frac0p75,normal,20,cat__service_http,0.19591744389254018
seed3_frac0p75,normal,21,num__dst_host_srv_diff_host_rate,0.17994376231581555
seed3_frac0p75,normal,22,num__serror_rate,0.15924847188853164
seed3_frac0p75,normal,23,num__is_guest_login,0.12547304501305234
seed3_frac0p75,normal,24,num__wrong_fragment,0.12123163300566375
seed3_frac0p75,normal,25,num__dst_host_srv_rerror_rate,0.11430902957545186
seed3_frac0p75,normal,26,cat__service_pop_3,0.10492160613648593
seed3_frac0p75,normal,27,num__hot,0.10069882418974885
seed3_frac0p75,normal,28,cat__protocol_type_udp,0.1005401303018516
seed3_frac0p75,normal,29,cat__flag_REJ,0.09441930736875292
seed3_frac0p75,normal,30,cat__flag_SF,0.0922177641828057
seed3_frac0p75,normal,31,cat__service_other,0.08820035378084867
seed3_frac0p75,normal,32,num__srv_count,0.08157970386275792
seed3_frac0p75,normal,33,cat__flag_RSTO,0.07065411569783464
seed3_frac0p75,normal,34,num__root_shell,0.06667606998234987
seed3_frac0p75,normal,35,cat__service_ftp,0.05951339503369013
seed3_frac0p75,normal,36,cat__service_domain_u,0.055830735118206576
seed3_frac0p75,normal,37,cat__service_ftp_data,0.05122104828018337
seed3_frac0p75,normal,38,num__num_shells,0.04961212718626484
seed3_frac0p75,normal,39,cat__flag_RSTR,0.04955554658752703
seed3_frac0p75,normal,40,cat__service_ecr_i,0.04648042054532198
seed3_frac0p75,normal,41,cat__protocol_type_icmp,0.04290150466420073
seed3_frac0p75,normal,42,cat__service_smtp,0.04239849797613715
seed3_frac0p75,normal,43,num__su_attempted,0.03894340246915817
seed3_frac0p75,normal,44,cat__flag_S3,0.03532547771465033
seed3_frac0p75,normal,45,num__duration,0.03465288841243819
seed3_frac0p75,normal,46,cat__service_telnet,0.03300433022559446
seed3_frac0p75,normal,47,cat__service_imap4,0.028891172736877024
seed3_frac0p75,normal,48,cat__service_eco_i,0.02818965833500897
seed3_frac0p75,normal,49,num__num_failed_logins,0.02438213661662303
seed3_frac0p75,normal,50,cat__service_sunrpc,0.020705523354521915
seed3_frac0p75,attack,1,num__dst_host_same_src_port_rate,0.693149681435898
seed3_frac0p75,attack,2,num__dst_host_same_srv_rate,0.5313727711800311
seed3_frac0p75,attack,3,num__dst_host_srv_count,0.4488713049167927
seed3_frac0p75,attack,4,cat__service_private,0.3852231876790029
seed3_frac0p75,attack,5,num__dst_host_serror_rate,0.3118725161621114
seed3_frac0p75,attack,6,num__dst_host_rerror_rate,0.3091024940740681
seed3_frac0p75,attack,7,num__dst_host_srv_serror_rate,0.29819301674615417
seed3_frac0p75,attack,8,num__same_srv_rate,0.29457052627549274
seed3_frac0p75,attack,9,num__rerror_rate,0.28458718380352366
seed3_frac0p75,attack,10,num__srv_diff_host_rate,0.26917267298813385
seed3_frac0p75,attack,11,cat__flag_S0,0.2580143369414145
seed3_frac0p75,attack,12,num__dst_host_count,0.2453486847180102
seed3_frac0p75,attack,13,num__dst_host_diff_srv_rate,0.24257191521473942
seed3_frac0p75,attack,14,num__count,0.24177510777815314
seed3_frac0p75,attack,15,num__srv_serror_rate,0.2391617832436168
seed3_frac0p75,attack,16,num__diff_srv_rate,0.2302777157590299
seed3_frac0p75,attack,17,num__serror_rate,0.22092139063374816
seed3_frac0p75,attack,18,num__srv_rerror_rate,0.21935162290810695
seed3_frac0p75,attack,19,num__logged_in,0.2120277100148087
seed3_frac0p75,attack,20,cat__service_http,0.15493186279491056
seed3_frac0p75,attack,21,cat__protocol_type_tcp,0.1483789005712879
seed3_frac0p75,attack,22,num__dst_host_srv_diff_host_rate,0.1362873598245642
seed3_frac0p75,attack,23,num__wrong_fragment,0.1315780263103079
seed3_frac0p75,attack,24,num__dst_host_srv_rerror_rate,0.09744706928017877
seed3_frac0p75,attack,25,num__is_guest_login,0.0926091224775405
seed3_frac0p75,attack,26,cat__protocol_type_udp,0.09194611704015188
seed3_frac0p75,attack,27,cat__service_pop_3,0.08636742108501494
seed3_frac0p75,attack,28,num__hot,0.08612763922383238
seed3_frac0p75,attack,29,num__srv_count,0.08585097587115342
seed3_frac0p75,attack,30,cat__service_other,0.08457095335324993
seed3_frac0p75,attack,31,cat__flag_SF,0.07763968835070045
seed3_frac0p75,attack,32,cat__flag_REJ,0.0768174895795255
seed3_frac0p75,attack,33,cat__service_domain_u,0.05234983251420999
seed3_frac0p75,attack,34,cat__flag_RSTO,0.05055622203508392
seed3_frac0p75,attack,35,cat__flag_RSTR,0.050016282635851894
seed3_frac0p75,attack,36,cat__service_ftp,0.04682527504229217
seed3_frac0p75,attack,37,num__num_shells,0.04524267790839076
seed3_frac0p75,attack,38,cat__protocol_type_icmp,0.04476586886073619
seed3_frac0p75,attack,39,num__root_shell,0.04300641198642552
seed3_frac0p75,attack,40,num__duration,0.04017072772013819
seed3_frac0p75,attack,41,cat__service_smtp,0.04011394622239095
seed3_frac0p75,attack,42,cat__service_ecr_i,0.04003716111219546
seed3_frac0p75,attack,43,cat__service_telnet,0.03794299241963017
seed3_frac0p75,attack,44,cat__service_ftp_data,0.03436186062026536
seed3_frac0p75,attack,45,num__su_attempted,0.033120643347501755
seed3_frac0p75,attack,46,cat__service_imap4,0.03021391579898136
seed3_frac0p75,attack,47,cat__flag_S3,0.02961804938968271
seed3_frac0p75,attack,48,cat__service_eco_i,0.028365841590812124
seed3_frac0p75,attack,49,cat__service_sunrpc,0.017081823299790244
seed3_frac0p75,attack,50,cat__service_urp_i,0.015520665057920269
seed3_frac1p0,normal,1,num__dst_host_same_src_port_rate,0.8521533525890845
seed3_frac1p0,normal,2,num__dst_host_same_srv_rate,0.5346247133861652
seed3_frac1p0,normal,3,num__dst_host_diff_srv_rate,0.46066916845438755
seed3_frac1p0,normal,4,num__dst_host_srv_count,0.45710525229333143
seed3_frac1p0,normal,5,num__dst_host_count,0.4107841595669015
seed3_frac1p0,normal,6,num__dst_host_rerror_rate,0.38160117672305205
seed3_frac1p0,normal,7,num__dst_host_serror_rate,0.3561839723922162
seed3_frac1p0,normal,8,cat__service_private,0.3532581745857897
seed3_frac1p0,normal,9,num__rerror_rate,0.2939905843877568
seed3_frac1p0,normal,10,num__same_srv_rate,0.2830212340923026
seed3_frac1p0,normal,11,cat__flag_S0,0.278382653988956
seed3_frac1p0,normal,12,num__srv_serror_rate,0.27329299490884296
seed3_frac1p0,normal,13,num__logged_in,0.26983195267666815
seed3_frac1p0,normal,14,num__dst_host_srv_serror_rate,0.21887084535228496
seed3_frac1p0,normal,15,cat__service_http,0.2119274526148729
seed3_frac1p0,normal,16,num__dst_host_srv_diff_host_rate,0.20618545080014883
seed3_frac1p0,normal,17,num__hot,0.20011271334078629
seed3_frac1p0,normal,18,cat__protocol_type_tcp,0.1971943959561031
seed3_frac1p0,normal,19,num__is_guest_login,0.17097551020924584
seed3_frac1p0,normal,20,num__count,0.16792917842872157
seed3_frac1p0,normal,21,cat__flag_RSTO,0.14887486642692238
seed3_frac1p0,normal,22,num__srv_rerror_rate,0.1440481211839142
seed3_frac1p0,normal,23,num__dst_host_srv_rerror_rate,0.1437979059448935
seed3_frac1p0,normal,24,cat__service_pop_3,0.1234238154720515
seed3_frac1p0,normal,25,cat__protocol_type_udp,0.1224778755506577
seed3_frac1p0,normal,26,cat__flag_REJ,0.11831615520623018
seed3_frac1p0,normal,27,num__serror_rate,0.11445646214104954
seed3_frac1p0,normal,28,num__diff_srv_rate,0.10688011875004122
seed3_frac1p0,normal,29,num__srv_count,0.10576497490546899
seed3_frac1p0,normal,30,num__srv_diff_host_rate,0.1022628008022366
seed3_frac1p0,normal,31,num__wrong_fragment,0.09640422832308104
seed3_frac1p0,normal,32,cat__service_other,0.08206523497847229
seed3_frac1p0,normal,33,cat__service_domain_u,0.07201231819635723
seed3_frac1p0,normal,34,cat__flag_SF,0.07177316261004307
seed3_frac1p0,normal,35,cat__service_ecr_i,0.05814434888020514
seed3_frac1p0,normal,36,cat__flag_RSTR,0.048773033604902594
seed3_frac1p0,normal,37,cat__service_ftp_data,0.04684927335165412
seed3_frac1p0,normal,38,cat__protocol_type_icmp,0.045520855323502474
seed3_frac1p0,normal,39,cat__service_telnet,0.03828936117315607
seed3_frac1p0,normal,40,cat__service_ftp,0.037244539634286866
seed3_frac1p0,normal,41,cat__service_smtp,0.035515454967480764
seed3_frac1p0,normal,42,cat__service_imap4,0.03273539735300801
seed3_frac1p0,normal,43,num__duration,0.0307992097918941
seed3_frac1p0,normal,44,num__land,0.02580194819074677
seed3_frac1p0,normal,45,num__root_shell,0.024944272940047085
seed3_frac1p0,normal,46,cat__service_eco_i,0.02358651615350027
seed3_frac1p0,normal,47,cat__service_urp_i,0.02197900652390672
seed3_frac1p0,normal,48,cat__service_auth,0.019644777032226557
seed3_frac1p0,normal,49,cat__service_sunrpc,0.017141494159535142
seed3_frac1p0,normal,50,cat__service_finger,0.01625288917810508
seed3_frac1p0,attack,1,num__dst_host_same_src_port_rate,0.7246039800520521
seed3_frac1p0,attack,2,num__dst_host_same_srv_rate,0.5073985009021271
seed3_frac1p0,attack,3,num__dst_host_srv_count,0.4697716016621598
seed3_frac1p0,attack,4,num__dst_host_diff_srv_rate,0.44570009431890867
seed3_frac1p0,attack,5,num__dst_host_count,0.42570088110915094
seed3_frac1p0,attack,6,num__dst_host_rerror_rate,0.38842503181513166
seed3_frac1p0,attack,7,num__dst_host_serror_rate,0.37850641367367643
seed3_frac1p0,attack,8,cat__flag_S0,0.3004644606699003
seed3_frac1p0,attack,9,num__same_srv_rate,0.29827080261202354
seed3_frac1p0,attack,10,cat__service_private,0.28532811163131555
seed3_frac1p0,attack,11,num__rerror_rate,0.26879370953793114
seed3_frac1p0,attack,12,num__srv_serror_rate,0.26403579639190866
seed3_frac1p0,attack,13,num__logged_in,0.2528426397084331
seed3_frac1p0,attack,14,num__dst_host_srv_serror_rate,0.23877192689360527
seed3_frac1p0,attack,15,cat__service_http,0.19747295099659823
seed3_frac1p0,attack,16,cat__protocol_type_tcp,0.18192747848934232
seed3_frac1p0,attack,17,num__dst_host_srv_diff_host_rate,0.18139575717827938
seed3_frac1p0,attack,18,num__hot,0.17937702436552172
seed3_frac1p0,attack,19,num__count,0.1673663691890397
seed3_frac1p0,attack,20,cat__flag_RSTO,0.14829842816106975
seed3_frac1p0,attack,21,num__diff_srv_rate,0.13481752855204832
seed3_frac1p0,attack,22,num__dst_host_srv_rerror_rate,0.12808482447326242
seed3_frac1p0,attack,23,num__srv_diff_host_rate,0.12083903552502306
seed3_frac1p0,attack,24,num__srv_rerror_rate,0.1190032494270099
seed3_frac1p0,attack,25,cat__flag_REJ,0.11855627352451847
seed3_frac1p0,attack,26,cat__service_pop_3,0.11686283093877137
seed3_frac1p0,attack,27,num__is_guest_login,0.11330964485023287
seed3_frac1p0,attack,28,num__serror_rate,0.11310742487739844
seed3_frac1p0,attack,29,cat__protocol_type_udp,0.09538670818437822
seed3_frac1p0,attack,30,num__srv_count,0.09211668030275177
seed3_frac1p0,attack,31,num__wrong_fragment,0.0855640559711901
seed3_frac1p0,attack,32,cat__service_other,0.08506024186408467
seed3_frac1p0,attack,33,cat__service_domain_u,0.07165672812334378
seed3_frac1p0,attack,34,cat__service_ecr_i,0.0649064479594017
seed3_frac1p0,attack,35,cat__flag_SF,0.06324475039582467
seed3_frac1p0,attack,36,cat__flag_RSTR,0.051628157621053106
seed3_frac1p0,attack,37,cat__protocol_type_icmp,0.0474142707143983
seed3_frac1p0,attack,38,cat__service_ftp_data,0.042084973045348306
seed3_frac1p0,attack,39,cat__service_telnet,0.03785626379067253
seed3_frac1p0,attack,40,cat__service_imap4,0.03663667591990816
seed3_frac1p0,attack,41,num__root_shell,0.03659647633321583
seed3_frac1p0,attack,42,cat__service_smtp,0.03583187584808911
seed3_frac1p0,attack,43,num__duration,0.034738448463940585
seed3_frac1p0,attack,44,cat__service_ftp,0.02757128566099709
seed3_frac1p0,attack,45,num__num_failed_logins,0.023295534774661064
seed3_frac1p0,attack,46,num__land,0.021803666134644573
seed3_frac1p0,attack,47,cat__service_eco_i,0.021526313804429265
seed3_frac1p0,attack,48,cat__service_auth,0.018037903386357357
seed3_frac1p0,attack,49,cat__service_urp_i,0.017423784621314553
seed3_frac1p0,attack,50,num__num_shells,0.015931948320940137
seed4_frac0p5,normal,1,num__dst_host_same_srv_rate,0.6031364685477456
seed4_frac0p5,normal,2,num__dst_host_same_src_port_rate,0.5854950582870515
seed4_frac0p5,normal,3,num__dst_host_rerror_rate,0.5171113352871544
seed4_frac0p5,normal,4,num__dst_host_srv_count,0.4481602553069024
seed4_frac0p5,normal,5,num__dst_host_diff_srv_rate,0.4317742524813184
seed4_frac0p5,normal,6,num__dst_host_count,0.39372405964604695
seed4_frac0p5,normal,7,cat__service_private,0.3826285536561045
seed4_frac0p5,normal,8,num__rerror_rate,0.3348701979575708
seed4_frac0p5,normal,9,num__diff_srv_rate,0.31250681536494085
seed4_frac0p5,normal,10,num__logged_in,0.2921482753909004
seed4_frac0p5,normal,11,num__same_srv_rate,0.2448118240963595
seed4_frac0p5,normal,12,num__dst_host_srv_serror_rate,0.23041577606818464
seed4_frac0p5,normal,13,num__srv_count,0.2169622984625903
seed4_frac0p5,normal,14,cat__flag_RSTO,0.2097815959714353
seed4_frac0p5,normal,15,num__srv_serror_rate,0.20541130092522053
seed4_frac0p5,normal,16,cat__service_http,0.19292449515342014
seed4_frac0p5,normal,17,cat__flag_S0,0.19278160037765701
seed4_frac0p5,normal,18,num__dst_host_serror_rate,0.19092367476082472
seed4_frac0p5,normal,19,num__count,0.19014021531074832
seed4_frac0p5,normal,20,num__serror_rate,0.1721586863977791
seed4_frac0p5,normal,21,num__dst_host_srv_diff_host_rate,0.1565181096766537
seed4_frac0p5,normal,22,num__srv_rerror_rate,0.15374002962289524
seed4_frac0p5,normal,23,num__dst_host_srv_rerror_rate,0.14745620537394188
seed4_frac0p5,normal,24,cat__protocol_type_tcp,0.14070631962113112
seed4_frac0p5,normal,25,cat__flag_REJ,0.12672158165059955
seed4_frac0p5,normal,26,cat__service_pop_3,0.12592857633717358
seed4_frac0p5,normal,27,num__hot,0.12578030405893514
seed4_frac0p5,normal,28,num__srv_diff_host_rate,0.10961049641264253
seed4_frac0p5,normal,29,num__is_guest_login,0.1069859550068486
seed4_frac0p5,normal,30,num__wrong_fragment,0.08775722024438437
seed4_frac0p5,normal,31,cat__flag_SF,0.08665323827699467
seed4_frac0p5,normal,32,num__num_failed_logins,0.08395817782729864
seed4_frac0p5,normal,33,cat__service_other,0.07912329035752919
seed4_frac0p5,normal,34,cat__protocol_type_udp,0.07703153306846389
seed4_frac0p5,normal,35,cat__service_imap4,0.0768701326279313
seed4_frac0p5,normal,36,cat__service_telnet,0.06510699369391659
seed4_frac0p5,normal,37,cat__protocol_type_icmp,0.06057048804996157
seed4_frac0p5,normal,38,cat__service_domain_u,0.059150308055450296
seed4_frac0p5,normal,39,cat__service_ecr_i,0.052673895567977524
seed4_frac0p5,normal,40,num__duration,0.05197421799471158
seed4_frac0p5,normal,41,cat__flag_S3,0.044768336694687605
seed4_frac0p5,normal,42,cat__service_ftp_data,0.04307846717983921
seed4_frac0p5,normal,43,cat__flag_RSTR,0.03893039139973098
seed4_frac0p5,normal,44,num__root_shell,0.03427054570056498
seed4_frac0p5,normal,45,cat__service_finger,0.02959937355274178
seed4_frac0p5,normal,46,cat__service_smtp,0.029014111101332674
seed4_frac0p5,normal,47,cat__service_eco_i,0.025026700967714532
seed4_frac0p5,normal,48,cat__flag_S1,0.02435986528507783
seed4_frac0p5,normal,49,num__num_shells,0.023464214988052845
seed4_frac0p5,normal,50,num__su_attempted,0.022389709949493408
seed4_frac0p5,attack,1,num__dst_host_same_src_port_rate,0.4754179169322015
seed4_frac0p5,attack,2,num__dst_host_srv_count,0.4401218048087685
seed4_frac0p5,attack,3,num__dst_host_same_srv_rate,0.41564325926447054
seed4_frac0p5,attack,4,num__dst_host_rerror_rate,0.380042972511319
seed4_frac0p5,attack,5,num__dst_host_diff_srv_rate,0.33139243062851165
seed4_frac0p5,attack,6,num__dst_host_count,0.2975693085427338
seed4_frac0p5,attack,7,cat__service_private,0.2816387838793162
seed4_frac0p5,attack,8,num__dst_host_srv_serror_rate,0.2105745773360468
seed4_frac0p5,attack,9,num__diff_srv_rate,0.21048643710764736
seed4_frac0p5,attack,10,num__rerror_rate,0.20782072744873403
seed4_frac0p5,attack,11,num__logged_in,0.2071615478653257
seed4_frac0p5,attack,12,num__dst_host_serror_rate,0.19783877791951454
seed4_frac0p5,attack,13,num__is_guest_login,0.1930588025735389
seed4_frac0p5,attack,14,cat__flag_S0,0.18684271078382153
seed4_frac0p5,attack,15,num__srv_serror_rate,0.17897966082364292
seed4_frac0p5,attack,16,num__serror_rate,0.166118592419366
seed4_frac0p5,attack,17,num__same_srv_rate,0.16490992965964324
seed4_frac0p5,attack,18,num__dst_host_srv_diff_host_rate,0.14199702607743347
seed4_frac0p5,attack,19,cat__flag_RSTO,0.1363444197922945
seed4_frac0p5,attack,20,num__srv_count,0.13493844911863562
seed4_frac0p5,attack,21,num__srv_rerror_rate,0.12884508959632512
seed4_frac0p5,attack,22,cat__protocol_type_tcp,0.12751732506876579
seed4_frac0p5,attack,23,num__dst_host_srv_rerror_rate,0.11983483699441422
seed4_frac0p5,attack,24,cat__flag_REJ,0.10326335626587024
seed4_frac0p5,attack,25,num__hot,0.10262208391077365
seed4_frac0p5,attack,26,num__count,0.10233288947642905
seed4_frac0p5,attack,27,num__srv_diff_host_rate,0.10120296222248726
seed4_frac0p5,attack,28,cat__service_http,0.10004126841909056
seed4_frac0p5,attack,29,cat__protocol_type_udp,0.07547841109959563
seed4_frac0p5,attack,30,cat__service_pop_3,0.07312066643498838
seed4_frac0p5,attack,31,cat__flag_SF,0.06742680652087074
seed4_frac0p5,attack,32,cat__service_other,0.06242645086058474
seed4_frac0p5,attack,33,num__num_failed_logins,0.05997721757739782
seed4_frac0p5,attack,34,cat__service_imap4,0.05881421134318998
seed4_frac0p5,attack,35,num__wrong_fragment,0.05605409822783258
seed4_frac0p5,attack,36,cat__protocol_type_icmp,0.05154605541667934
seed4_frac0p5,attack,37,cat__service_ecr_i,0.04291686395538363
seed4_frac0p5,attack,38,cat__service_telnet,0.03562761277862592
seed4_frac0p5,attack,39,cat__service_domain_u,0.034724296702734136
seed4_frac0p5,attack,40,cat__flag_RSTR,0.034187060823114734
seed4_frac0p5,attack,41,cat__service_ftp_data,0.032408608002924666
seed4_frac0p5,attack,42,num__root_shell,0.03176934047951363
seed4_frac0p5,attack,43,cat__service_smtp,0.027278450190351577
seed4_frac0p5,attack,44,cat__service_finger,0.025355695856092098
seed4_frac0p5,attack,45,cat__service_ftp,0.02397446013332072
seed4_frac0p5,attack,46,cat__flag_S3,0.023666010471060872
seed4_frac0p5,attack,47,num__duration,0.02352603803919351
seed4_frac0p5,attack,48,cat__service_eco_i,0.023362038566233423
seed4_frac0p5,attack,49,num__num_shells,0.01854688403545879
seed4_frac0p5,attack,50,num__su_attempted,0.015079963952302933
seed4_frac0p75,normal,1,num__srv_count,0.7409253386722412
seed4_frac0p75,normal,2,num__dst_host_diff_srv_rate,0.6236053222629607
seed4_frac0p75,normal,3,num__dst_host_rerror_rate,0.6004274207516573
seed4_frac0p75,normal,4,num__dst_host_same_srv_rate,0.5730318289988645
seed4_frac0p75,normal,5,num__dst_host_same_src_port_rate,0.5577489070346928
seed4_frac0p75,normal,6,num__count,0.5289825171485063
seed4_frac0p75,normal,7,num__dst_host_count,0.5269185707111319
seed4_frac0p75,normal,8,num__dst_host_srv_count,0.44975946649901744
seed4_frac0p75,normal,9,num__same_srv_rate,0.41352093545356183
seed4_frac0p75,normal,10,num__dst_host_serror_rate,0.39788056877387135
seed4_frac0p75,normal,11,num__logged_in,0.3476988217271355
seed4_frac0p75,normal,12,cat__service_private,0.32788905941924895
seed4_frac0p75,normal,13,num__rerror_rate,0.2957802244254708
seed4_frac0p75,normal,14,num__dst_host_srv_rerror_rate,0.2883296027291635
seed4_frac0p75,normal,15,num__dst_host_srv_serror_rate,0.26795581510987176
seed4_frac0p75,normal,16,cat__flag_S0,0.26213738033766276
seed4_frac0p75,normal,17,num__srv_serror_rate,0.24646860851680685
seed4_frac0p75,normal,18,cat__service_http,0.2464054359434158
seed4_frac0p75,normal,19,cat__protocol_type_udp,0.1506072768515878
seed4_frac0p75,normal,20,num__dst_host_srv_diff_host_rate,0.1485706574321739
seed4_frac0p75,normal,21,cat__protocol_type_tcp,0.14396730192675022
seed4_frac0p75,normal,22,num__srv_diff_host_rate,0.14162940489586617
seed4_frac0p75,normal,23,num__serror_rate,0.1400596917404755
seed4_frac0p75,normal,24,num__hot,0.13448666994099767
seed4_frac0p75,normal,25,cat__flag_SF,0.13405324222549098
seed4_frac0p75,normal,26,num__diff_srv_rate,0.1308905923385737
seed4_frac0p75,normal,27,cat__flag_RSTO,0.12578199955169111
seed4_frac0p75,normal,28,num__wrong_fragment,0.12451971031259745
seed4_frac0p75,normal,29,num__srv_rerror_rate,0.11755467154864618
seed4_frac0p75,normal,30,num__is_guest_login,0.11607767990471984
seed4_frac0p75,normal,31,cat__flag_REJ,0.11382625185160578
seed4_frac0p75,normal,32,cat__service_pop_3,0.089415293186903
seed4_frac0p75,normal,33,cat__protocol_type_icmp,0.08546724995903787
seed4_frac0p75,normal,34,cat__service_telnet,0.07622760758385994
seed4_frac0p75,normal,35,cat__service_domain_u,0.07302592015935261
seed4_frac0p75,normal,36,cat__service_ecr_i,0.06645041645970196
seed4_frac0p75,normal,37,cat__service_other,0.05753313872810395
seed4_frac0p75,normal,38,num__num_shells,0.05192325729876757
seed4_frac0p75,normal,39,cat__service_ftp_data,0.050189769550001984
seed4_frac0p75,normal,40,cat__service_imap4,0.04833453777740715
seed4_frac0p75,normal,41,cat__flag_S3,0.04561627213843167
seed4_frac0p75,normal,42,cat__service_eco_i,0.044001011345699226
seed4_frac0p75,normal,43,cat__flag_RSTR,0.04072949772216816
seed4_frac0p75,normal,44,num__num_failed_logins,0.0369958714582026
seed4_frac0p75,normal,45,cat__service_smtp,0.03657482268954482
seed4_frac0p75,normal,46,cat__flag_S1,0.03271074572512589
seed4_frac0p75,normal,47,num__root_shell,0.026585742481984198
seed4_frac0p75,normal,48,num__duration,0.02111256219268398
seed4_frac0p75,normal,49,cat__service_auth,0.021086323939925933
seed4_frac0p75,normal,50,num__su_attempted,0.020919201895594597
seed4_frac0p75,attack,1,num__dst_host_diff_srv_rate,0.4693840223096686
seed4_frac0p75,attack,2,num__dst_host_rerror_rate,0.46857303776050685
seed4_frac0p75,attack,3,num__srv_count,0.4627892559474276
seed4_frac0p75,attack,4,num__dst_host_same_src_port_rate,0.40843420862711355
seed4_frac0p75,attack,5,num__dst_host_same_srv_rate,0.38604804506940127
seed4_frac0p75,attack,6,num__dst_host_count,0.3724342163041001
seed4_frac0p75,attack,7,num__dst_host_srv_count,0.36374572971635644
seed4_frac0p75,attack,8,num__count,0.3502628026972161
seed4_frac0p75,attack,9,num__dst_host_serror_rate,0.3468150684957436
seed4_frac0p75,attack,10,num__same_srv_rate,0.31549058029963817
seed4_frac0p75,attack,11,cat__service_private,0.2568604180651164
seed4_frac0p75,attack,12,cat__flag_S0,0.24906767567699717
seed4_frac0p75,attack,13,num__srv_serror_rate,0.2340949667127461
seed4_frac0p75,attack,14,num__logged_in,0.2264988367969636
seed4_frac0p75,attack,15,num__dst_host_srv_serror_rate,0.21559322488064936
seed4_frac0p75,attack,16,num__dst_host_srv_rerror_rate,0.18947908475001896
seed4_frac0p75,attack,17,num__rerror_rate,0.1893618377907842
seed4_frac0p75,attack,18,cat__service_http,0.1618864852571278
seed4_frac0p75,attack,19,num__dst_host_srv_diff_host_rate,0.1418015712563374
seed4_frac0p75,attack,20,num__serror_rate,0.12864650597384752
seed4_frac0p75,attack,21,cat__flag_SF,0.12339543564394262
seed4_frac0p75,attack,22,cat__protocol_type_tcp,0.11936245219476405
seed4_frac0p75,attack,23,num__is_guest_login,0.10819264014799046
seed4_frac0p75,attack,24,num__hot,0.10789052707150404
seed4_frac0p75,attack,25,num__diff_srv_rate,0.09875794154868345
seed4_frac0p75,attack,26,cat__protocol_type_udp,0.09686757698273141
seed4_frac0p75,attack,27,cat__flag_RSTO,0.09346308675594628
seed4_frac0p75,attack,28,num__srv_rerror_rate,0.09344842665450415
seed4_frac0p75,attack,29,cat__flag_REJ,0.09151608548120294
seed4_frac0p75,attack,30,num__srv_diff_host_rate,0.089755241831881
seed4_frac0p75,attack,31,num__wrong_fragment,0.0840074526022363
seed4_frac0p75,attack,32,num__num_failed_logins,0.07902636379003525
seed4_frac0p75,attack,33,cat__service_pop_3,0.0639190033543855
seed4_frac0p75,attack,34,cat__protocol_type_icmp,0.06299304723734167
seed4_frac0p75,attack,35,cat__service_telnet,0.05458974573411979
seed4_frac0p75,attack,36,cat__service_ecr_i,0.05293493216731804
seed4_frac0p75,attack,37,cat__service_ftp_data,0.04964292279646543
seed4_frac0p75,attack,38,cat__service_domain_u,0.04846287982559261
seed4_frac0p75,attack,39,cat__service_other,0.04320290678060701
seed4_frac0p75,attack,40,cat__service_imap4,0.03627868894176345
seed4_frac0p75,attack,41,cat__service_eco_i,0.03567119652780093
seed4_frac0p75,attack,42,cat__flag_RSTR,0.03409842933223217
seed4_frac0p75,attack,43,cat__flag_S3,0.032056021969765425
seed4_frac0p75,attack,44,num__num_shells,0.03182181855663657
seed4_frac0p75,attack,45,cat__service_smtp,0.023415574551563623
seed4_frac0p75,attack,46,num__duration,0.02207138501381678
seed4_frac0p75,attack,47,cat__flag_S1,0.0203942446714791
seed4_frac0p75,attack,48,cat__service_finger,0.016109330047811454
seed4_frac0p75,attack,49,cat__service_auth,0.015984524377472553
seed4_frac0p75,attack,50,cat__service_urp_i,0.013650895403316099
seed4_frac1p0,normal,1,num__dst_host_same_src_port_rate,0.795451578378561
seed4_frac1p0,normal,2,num__dst_host_diff_srv_rate,0.6142711335527338
seed4_frac1p0,normal,3,num__count,0.6103378690986574
seed4_frac1p0,normal,4,num__dst_host_rerror_rate,0.5073790568580989
seed4_frac1p0,normal,5,num__dst_host_same_srv_rate,0.48864101141225547
seed4_frac1p0,normal,6,num__logged_in,0.46914833865275796
seed4_frac1p0,normal,7,num__dst_host_srv_count,0.46889661661225546
seed4_frac1p0,normal,8,num__dst_host_count,0.449572043678927
seed4_frac1p0,normal,9,cat__service_private,0.4453538052512158
seed4_frac1p0,normal,10,num__srv_count,0.42229001023724777
seed4_frac1p0,normal,11,num__dst_host_serror_rate,0.3427218806778001
seed4_frac1p0,normal,12,num__same_srv_rate,0.32774268805042084
seed4_frac1p0,normal,13,cat__service_http,0.30119443534385937
seed4_frac1p0,normal,14,num__diff_srv_rate,0.2888627178583647
seed4_frac1p0,normal,15,num__rerror_rate,0.26842210302493186
seed4_frac1p0,normal,16,cat__flag_S0,0.264251519381105
seed4_frac1p0,normal,17,num__srv_serror_rate,0.23713646587566473
seed4_frac1p0,normal,18,num__dst_host_srv_rerror_rate,0.2159454312404705
seed4_frac1p0,normal,19,num__dst_host_srv_serror_rate,0.1999675585152545
seed4_frac1p0,normal,20,cat__flag_RSTO,0.1945122331380844
seed4_frac1p0,normal,21,cat__protocol_type_tcp,0.1891366703548556
seed4_frac1p0,normal,22,num__is_guest_login,0.14963249837546755
seed4_frac1p0,normal,23,num__wrong_fragment,0.14519403447047807
seed4_frac1p0,normal,24,num__srv_diff_host_rate,0.13080429994352016
seed4_frac1p0,normal,25,num__srv_rerror_rate,0.12584733286894334
seed4_frac1p0,normal,26,num__hot,0.12536934022864443
seed4_frac1p0,normal,27,cat__flag_REJ,0.11013098240073305
seed4_frac1p0,normal,28,cat__flag_SF,0.1048187668875471
seed4_frac1p0,normal,29,cat__protocol_type_udp,0.10409596126010001
seed4_frac1p0,normal,30,cat__service_pop_3,0.09585462440736592
seed4_frac1p0,normal,31,num__serror_rate,0.09085161431482902
seed4_frac1p0,normal,32,cat__service_ftp_data,0.07986503811116563
seed4_frac1p0,normal,33,cat__protocol_type_icmp,0.07478901045715247
seed4_frac1p0,normal,34,cat__service_imap4,0.06699842890964192
seed4_frac1p0,normal,35,cat__service_domain_u,0.0634420703354408
seed4_frac1p0,normal,36,cat__service_other,0.061471075927329366
seed4_frac1p0,normal,37,num__num_failed_logins,0.058235056698322296
seed4_frac1p0,normal,38,cat__service_telnet,0.05234270152050158
seed4_frac1p0,normal,39,cat__service_smtp,0.04990799089955544
seed4_frac1p0,normal,40,num__root_shell,0.045578590128570795
seed4_frac1p0,normal,41,cat__flag_RSTR,0.04396675759105051
seed4_frac1p0,normal,42,num__dst_host_srv_diff_host_rate,0.043234417698840844
seed4_frac1p0,normal,43,num__num_shells,0.039450976182706654
seed4_frac1p0,normal,44,cat__service_ecr_i,0.03760207737195742
seed4_frac1p0,normal,45,cat__service_finger,0.03284605334374646
seed4_frac1p0,normal,46,cat__service_eco_i,0.029449120353888247
seed4_frac1p0,normal,47,num__duration,0.02723643119179542
seed4_frac1p0,normal,48,cat__service_auth,0.021613109908344086
seed4_frac1p0,normal,49,cat__service_urp_i,0.017747765400073945
seed4_frac1p0,normal,50,cat__service_ftp,0.012251253533946738
seed4_frac1p0,attack,1,num__dst_host_same_src_port_rate,0.5926293227312271
seed4_frac1p0,attack,2,num__dst_host_diff_srv_rate,0.4625618568431946
seed4_frac1p0,attack,3,num__dst_host_srv_count,0.37195759250107585
seed4_frac1p0,attack,4,num__count,0.35198922933273025
seed4_frac1p0,attack,5,num__dst_host_same_srv_rate,0.3356775857723733
seed4_frac1p0,attack,6,num__dst_host_count,0.32791237377387006
seed4_frac1p0,attack,7,num__logged_in,0.32511652480661724
seed4_frac1p0,attack,8,cat__service_private,0.3169388626511136
seed4_frac1p0,attack,9,num__dst_host_rerror_rate,0.3006316746213997
seed4_frac1p0,attack,10,num__dst_host_serror_rate,0.29053413808287587
seed4_frac1p0,attack,11,num__srv_count,0.2867466911993688
seed4_frac1p0,attack,12,num__same_srv_rate,0.2384220346402799
seed4_frac1p0,attack,13,cat__flag_S0,0.23306152099280553
seed4_frac1p0,attack,14,num__srv_serror_rate,0.2015216945364955
seed4_frac1p0,attack,15,cat__service_http,0.20120438788217143
seed4_frac1p0,attack,16,num__rerror_rate,0.1942524334317568
seed4_frac1p0,attack,17,num__diff_srv_rate,0.19380446456796108
seed4_frac1p0,attack,18,num__dst_host_srv_serror_rate,0.17419873154631205
seed4_frac1p0,attack,19,cat__protocol_type_tcp,0.14730615698681504
seed4_frac1p0,attack,20,cat__flag_RSTO,0.13004465005360544
seed4_frac1p0,attack,21,num__dst_host_srv_rerror_rate,0.12642851117652754
seed4_frac1p0,attack,22,num__wrong_fragment,0.12120221847726498
seed4_frac1p0,attack,23,num__is_guest_login,0.11633995774764117
seed4_frac1p0,attack,24,num__hot,0.11362532712701068
seed4_frac1p0,attack,25,num__srv_diff_host_rate,0.1056091852760801
seed4_frac1p0,attack,26,num__srv_rerror_rate,0.09803504161368437
seed4_frac1p0,attack,27,cat__flag_REJ,0.08115223857112142
seed4_frac1p0,attack,28,cat__protocol_type_udp,0.07669654666187853
seed4_frac1p0,attack,29,cat__flag_SF,0.0623217733718775
seed4_frac1p0,attack,30,cat__service_pop_3,0.06136932340450585
seed4_frac1p0,attack,31,num__serror_rate,0.061101773501377465
seed4_frac1p0,attack,32,num__dst_host_srv_diff_host_rate,0.060114080392850155
seed4_frac1p0,attack,33,cat__protocol_type_icmp,0.057144835922372295
seed4_frac1p0,attack,34,cat__service_ftp_data,0.054685756447725
seed4_frac1p0,attack,35,cat__service_imap4,0.052050857103949966
seed4_frac1p0,attack,36,cat__service_other,0.05145235253985447
seed4_frac1p0,attack,37,cat__service_domain_u,0.047193014541107914
seed4_frac1p0,attack,38,cat__service_telnet,0.03509011659480166
seed4_frac1p0,attack,39,cat__flag_RSTR,0.03342683391281298
seed4_frac1p0,attack,40,cat__service_smtp,0.033126463904181946
seed4_frac1p0,attack,41,num__num_shells,0.032788742100819945
seed4_frac1p0,attack,42,cat__service_ecr_i,0.03235259917892108
seed4_frac1p0,attack,43,num__num_failed_logins,0.027902468224056065
seed4_frac1p0,attack,44,cat__service_finger,0.02621616664373505
seed4_frac1p0,attack,45,num__root_shell,0.024874121707398444
seed4_frac1p0,attack,46,cat__service_eco_i,0.023699764125240108
seed4_frac1p0,attack,47,num__duration,0.02089674740511782
seed4_frac1p0,attack,48,cat__service_ftp,0.016355056684460578
seed4_frac1p0,attack,49,cat__service_auth,0.015292637116999686
seed4_frac1p0,attack,50,cat__service_urp_i,0.01229689565411718
seed5_frac0p5,normal,1,num__dst_host_same_src_port_rate,0.7007847375789424
seed5_frac0p5,normal,2,num__dst_host_same_srv_rate,0.624242195597617
seed5_frac0p5,normal,3,num__dst_host_srv_count,0.489072985970779
seed5_frac0p5,normal,4,num__count,0.4222501843178179
seed5_frac0p5,normal,5,num__dst_host_diff_srv_rate,0.40657944946315183
seed5_frac0p5,normal,6,cat__flag_S0,0.3798330906429328
seed5_frac0p5,normal,7,num__srv_count,0.3603750326460613
seed5_frac0p5,normal,8,cat__service_private,0.35443328426663356
seed5_frac0p5,normal,9,num__dst_host_serror_rate,0.30786590756179066
seed5_frac0p5,normal,10,num__dst_host_rerror_rate,0.28917111028840736
seed5_frac0p5,normal,11,num__dst_host_count,0.2669493697976577
seed5_frac0p5,normal,12,num__srv_rerror_rate,0.2665294492121575
seed5_frac0p5,normal,13,num__srv_serror_rate,0.24074777711484785
seed5_frac0p5,normal,14,num__same_srv_rate,0.22790346706824494
seed5_frac0p5,normal,15,cat__service_http,0.21508911006912967
seed5_frac0p5,normal,16,num__rerror_rate,0.1919409806432668
seed5_frac0p5,normal,17,cat__protocol_type_udp,0.1912187636753515
seed5_frac0p5,normal,18,cat__service_pop_3,0.18382695596665144
seed5_frac0p5,normal,19,cat__protocol_type_tcp,0.18379030931282614
seed5_frac0p5,normal,20,cat__flag_RSTO,0.1790978368371725
seed5_frac0p5,normal,21,num__logged_in,0.17091883254670392
seed5_frac0p5,normal,22,num__dst_host_srv_diff_host_rate,0.16960943926915206
seed5_frac0p5,normal,23,num__dst_host_srv_rerror_rate,0.14340317608798614
seed5_frac0p5,normal,24,num__hot,0.14096624837475247
seed5_frac0p5,normal,25,num__is_guest_login,0.13650134776233092
seed5_frac0p5,normal,26,num__serror_rate,0.12239989636293558
seed5_frac0p5,normal,27,num__dst_host_srv_serror_rate,0.12003046757126867
seed5_frac0p5,normal,28,num__diff_srv_rate,0.10274653223996211
seed5_frac0p5,normal,29,num__srv_diff_host_rate,0.10041489605146126
seed5_frac0p5,normal,30,cat__flag_REJ,0.09631443493162806
seed5_frac0p5,normal,31,cat__flag_SF,0.09475787409064651
seed5_frac0p5,normal,32,cat__protocol_type_icmp,0.08816995902316194
seed5_frac0p5,normal,33,num__wrong_fragment,0.08702279435692617
seed5_frac0p5,normal,34,cat__service_ecr_i,0.06550973302137209
seed5_frac0p5,normal,35,cat__flag_RSTR,0.05908480177322417
seed5_frac0p5,normal,36,cat__service_domain_u,0.05693713209257112
seed5_frac0p5,normal,37,cat__flag_S3,0.05609393119812012
seed5_frac0p5,normal,38,cat__service_other,0.05174143189151437
seed5_frac0p5,normal,39,cat__service_telnet,0.0507222538581118
seed5_frac0p5,normal,40,cat__service_eco_i,0.04328321417870029
seed5_frac0p5,normal,41,cat__service_ftp_data,0.0432594622554916
seed5_frac0p5,normal,42,num__root_shell,0.04181517194956541
seed5_frac0p5,normal,43,num__num_shells,0.038466925732791424
seed5_frac0p5,normal,44,cat__service_finger,0.030732946523357896
seed5_frac0p5,normal,45,cat__service_urp_i,0.028775329563359264
seed5_frac0p5,normal,46,num__duration,0.027634362503704324
seed5_frac0p5,normal,47,cat__service_smtp,0.027053309748680476
seed5_frac0p5,normal,48,cat__service_ftp,0.017835832532625773
seed5_frac0p5,normal,49,cat__service_auth,0.016767626285400183
seed5_frac0p5,normal,50,num__land,0.016140647286931653
seed5_frac0p5,attack,1,num__dst_host_same_src_port_rate,0.7344382999071968
seed5_frac0p5,attack,2,num__dst_host_same_srv_rate,0.6195295709903803
seed5_frac0p5,attack,3,num__dst_host_srv_count,0.47505875025126443
seed5_frac0p5,attack,4,num__count,0.3953725648316322
seed5_frac0p5,attack,5,cat__service_private,0.33857217332115397
seed5_frac0p5,attack,6,num__dst_host_rerror_rate,0.32560198176361155
seed5_frac0p5,attack,7,num__dst_host_diff_srv_rate,0.31802834291374893
seed5_frac0p5,attack,8,cat__flag_S0,0.31291852265712805
seed5_frac0p5,attack,9,num__srv_rerror_rate,0.3085675929505669
seed5_frac0p5,attack,10,num__same_srv_rate,0.3058844092884101
seed5_frac0p5,attack,11,num__srv_count,0.303800656004114
seed5_frac0p5,attack,12,num__dst_host_serror_rate,0.2832803460332798
seed5_frac0p5,attack,13,cat__service_http,0.24839479215370375
seed5_frac0p5,attack,14,num__dst_host_count,0.2364389216127165
seed5_frac0p5,attack,15,num__logged_in,0.23051469917209033
seed5_frac0p5,attack,16,cat__service_pop_3,0.21156369801610708
seed5_frac0p5,attack,17,cat__protocol_type_tcp,0.21052409980256925
seed5_frac0p5,attack,18,num__srv_serror_rate,0.19456177996039514
seed5_frac0p5,attack,19,num__rerror_rate,0.19100144033473043
seed5_frac0p5,attack,20,num__dst_host_srv_rerror_rate,0.18471307376421464
seed5_frac0p5,attack,21,cat__flag_RSTO,0.17225994262844324
seed5_frac0p5,attack,22,num__dst_host_srv_serror_rate,0.16493289286827917
seed5_frac0p5,attack,23,num__dst_host_srv_diff_host_rate,0.14591054854793128
seed5_frac0p5,attack,24,cat__protocol_type_udp,0.1258426272847828
seed5_frac0p5,attack,25,num__serror_rate,0.12308470069308441
seed5_frac0p5,attack,26,num__hot,0.1205565681839289
seed5_frac0p5,attack,27,cat__flag_SF,0.11449474323489994
seed5_frac0p5,attack,28,num__diff_srv_rate,0.10907804384896735
seed5_frac0p5,attack,29,num__is_guest_login,0.10170508324176808
seed5_frac0p5,attack,30,cat__protocol_type_icmp,0.09668186844692173
seed5_frac0p5,attack,31,num__srv_diff_host_rate,0.09453347113776545
seed5_frac0p5,attack,32,cat__flag_REJ,0.08602474799590709
seed5_frac0p5,attack,33,num__wrong_fragment,0.08071557132643647
seed5_frac0p5,attack,34,cat__service_telnet,0.07262797839939594
seed5_frac0p5,attack,35,num__num_failed_logins,0.06598036084324121
seed5_frac0p5,attack,36,cat__service_domain_u,0.06069123959605349
seed5_frac0p5,attack,37,cat__flag_S3,0.0559667085763067
seed5_frac0p5,attack,38,cat__service_ecr_i,0.05461150665905734
seed5_frac0p5,attack,39,cat__service_other,0.05156791806621186
seed5_frac0p5,attack,40,cat__service_eco_i,0.04953937841651168
seed5_frac0p5,attack,41,cat__flag_RSTR,0.048602148915165344
seed5_frac0p5,attack,42,num__num_shells,0.046768634114414454
seed5_frac0p5,attack,43,cat__service_ftp_data,0.0424090485976194
seed5_frac0p5,attack,44,num__root_shell,0.040116731310263276
seed5_frac0p5,attack,45,cat__service_urp_i,0.02882230345858261
seed5_frac0p5,attack,46,cat__service_smtp,0.027308460988024308
seed5_frac0p5,attack,47,cat__service_finger,0.025499131788819795
seed5_frac0p5,attack,48,num__duration,0.022735397035148708
seed5_frac0p5,attack,49,cat__service_ftp,0.02090817593169625
seed5_frac0p5,attack,50,cat__service_auth,0.017505572091067734
seed5_frac0p75,normal,1,num__dst_host_same_src_port_rate,0.599960007953996
seed5_frac0p75,normal,2,num__dst_host_same_srv_rate,0.5594796375626174
seed5_frac0p75,normal,3,num__dst_host_srv_count,0.5460642848229327
seed5_frac0p75,normal,4,num__dst_host_diff_srv_rate,0.4797472559630478
seed5_frac0p75,normal,5,num__dst_host_count,0.39589020286803134
seed5_frac0p75,normal,6,cat__flag_S0,0.39450537142693065
seed5_frac0p75,normal,7,cat__service_private,0.3916349260837251
seed5_frac0p75,normal,8,num__srv_count,0.38994088874005683
seed5_frac0p75,normal,9,num__srv_serror_rate,0.37952877243606054
seed5_frac0p75,normal,10,num__srv_rerror_rate,0.34878926131295884
seed5_frac0p75,normal,11,num__dst_host_rerror_rate,0.28350013421004405
seed5_frac0p75,normal,12,num__same_srv_rate,0.25145058059752046
seed5_frac0p75,normal,13,num__logged_in,0.24875902701705854
seed5_frac0p75,normal,14,cat__service_http,0.2276326307501222
seed5_frac0p75,normal,15,num__dst_host_serror_rate,0.22351663077188277
seed5_frac0p75,normal,16,num__rerror_rate,0.1880504616019607
seed5_frac0p75,normal,17,num__count,0.17500652537592032
seed5_frac0p75,normal,18,cat__protocol_type_udp,0.17322666037239287
seed5_frac0p75,normal,19,cat__service_pop_3,0.15529518900439143
seed5_frac0p75,normal,20,num__dst_host_srv_diff_host_rate,0.14992283078845503
seed5_frac0p75,normal,21,num__is_guest_login,0.14033844863956801
seed5_frac0p75,normal,22,cat__flag_REJ,0.13285420317333774
seed5_frac0p75,normal,23,cat__protocol_type_tcp,0.13230776001637423
seed5_frac0p75,normal,24,num__dst_host_srv_rerror_rate,0.13152762724553213
seed5_frac0p75,normal,25,cat__flag_RSTO,0.13079294003546238
seed5_frac0p75,normal,26,num__dst_host_srv_serror_rate,0.13073641004893943
seed5_frac0p75,normal,27,num__wrong_fragment,0.12560410384321585
seed5_frac0p75,normal,28,num__hot,0.11893304017758055
seed5_frac0p75,normal,29,cat__flag_SF,0.09380408085417002
seed5_frac0p75,normal,30,num__srv_diff_host_rate,0.08990282785998716
seed5_frac0p75,normal,31,cat__protocol_type_icmp,0.08660794164097751
seed5_frac0p75,normal,32,num__diff_srv_rate,0.08617187641766577
seed5_frac0p75,normal,33,num__serror_rate,0.07702050314856024
seed5_frac0p75,normal,34,cat__service_domain_u,0.0764602373164962
seed5_frac0p75,normal,35,cat__service_telnet,0.07490079890339985
seed5_frac0p75,normal,36,cat__service_ecr_i,0.07450544596304098
seed5_frac0p75,normal,37,num__num_shells,0.070312375202775
seed5_frac0p75,normal,38,cat__service_other,0.05945738732043537
seed5_frac0p75,normal,39,cat__flag_RSTR,0.05860492041568932
seed5_frac0p75,normal,40,cat__service_ftp_data,0.04787268357915764
seed5_frac0p75,normal,41,cat__service_eco_i,0.04765825391996259
seed5_frac0p75,normal,42,cat__service_finger,0.03860802083613635
seed5_frac0p75,normal,43,cat__service_smtp,0.03357412301193108
seed5_frac0p75,normal,44,num__num_failed_logins,0.031000697053968906
seed5_frac0p75,normal,45,cat__service_imap4,0.030671980387495523
seed5_frac0p75,normal,46,cat__service_ftp,0.02865087900954677
seed5_frac0p75,normal,47,num__duration,0.025857495043169365
seed5_frac0p75,normal,48,cat__flag_S3,0.0254181643249467
seed5_frac0p75,normal,49,num__root_shell,0.02349808276630938
seed5_frac0p75,normal,50,cat__service_urp_i,0.018179788979978184
seed5_frac0p75,attack,1,num__dst_host_same_src_port_rate,0.6310385262950149
seed5_frac0p75,attack,2,num__dst_host_same_srv_rate,0.5208670378706302
seed5_frac0p75,attack,3,num__dst_host_srv_count,0.4949050966715731
seed5_frac0p75,attack,4,num__dst_host_diff_srv_rate,0.46881105018292146
seed5_frac0p75,attack,5,cat__service_private,0.3962737781876058
seed5_frac0p75,attack,6,num__srv_rerror_rate,0.368980334696289
seed5_frac0p75,attack,7,cat__flag_S0,0.36612797873385716
seed5_frac0p75,attack,8,num__srv_serror_rate,0.36514858967620967
seed5_frac0p75,attack,9,num__srv_count,0.34459399171419136
seed5_frac0p75,attack,10,num__dst_host_count,0.3444046436907229
seed5_frac0p75,attack,11,num__dst_host_rerror_rate,0.31002696272480534
seed5_frac0p75,attack,12,num__same_srv_rate,0.2979307000150584
seed5_frac0p75,attack,13,num__dst_host_serror_rate,0.25402011739510044
seed5_frac0p75,attack,14,cat__service_http,0.24359387116237485
seed5_frac0p75,attack,15,num__logged_in,0.24157950906737824
seed5_frac0p75,attack,16,num__rerror_rate,0.21564187933745416
seed5_frac0p75,attack,17,cat__protocol_type_tcp,0.21252136448629244
seed5_frac0p75,attack,18,num__is_guest_login,0.17231704255482327
seed5_frac0p75,attack,19,cat__service_pop_3,0.17139196256175637
seed5_frac0p75,attack,20,cat__protocol_type_udp,0.1638169641814784
seed5_frac0p75,attack,21,num__count,0.1607463775180804
seed5_frac0p75,attack,22,num__dst_host_srv_diff_host_rate,0.149000744571822
seed5_frac0p75,attack,23,num__dst_host_srv_serror_rate,0.14839103548206367
seed5_frac0p75,attack,24,num__wrong_fragment,0.14829772018129006
seed5_frac0p75,attack,25,num__diff_srv_rate,0.1411037304101228
seed5_frac0p75,attack,26,num__hot,0.14065586403512498
seed5_frac0p75,attack,27,num__dst_host_srv_rerror_rate,0.13897882772994308
seed5_frac0p75,attack,28,cat__flag_REJ,0.12720095127588138
seed5_frac0p75,attack,29,cat__flag_RSTO,0.11935111437924206
seed5_frac0p75,attack,30,num__srv_diff_host_rate,0.0995173594701555
seed5_frac0p75,attack,31,cat__protocol_type_icmp,0.09587946941246628
seed5_frac0p75,attack,32,num__num_shells,0.09461567085236311
seed5_frac0p75,attack,33,num__serror_rate,0.08922725990260005
seed5_frac0p75,attack,34,cat__flag_SF,0.08903157753218238
seed5_frac0p75,attack,35,cat__service_domain_u,0.08898653984215343
seed5_frac0p75,attack,36,cat__service_telnet,0.07515306446839531
seed5_frac0p75,attack,37,cat__service_ecr_i,0.07420686212481087
seed5_frac0p75,attack,38,cat__service_other,0.054855276828675414
seed5_frac0p75,attack,39,cat__service_eco_i,0.054513218109377704
seed5_frac0p75,attack,40,cat__flag_RSTR,0.050442432571117024
seed5_frac0p75,attack,41,cat__service_ftp,0.04269040616622988
seed5_frac0p75,attack,42,cat__service_ftp_data,0.04198038405252191
seed5_frac0p75,attack,43,num__num_failed_logins,0.03874340280890465
seed5_frac0p75,attack,44,cat__service_finger,0.036297605365462005
seed5_frac0p75,attack,45,cat__service_imap4,0.035248855514126376
seed5_frac0p75,attack,46,cat__service_smtp,0.03137479264250942
seed5_frac0p75,attack,47,num__root_shell,0.0291250843583839
seed5_frac0p75,attack,48,num__duration,0.022207375941320606
seed5_frac0p75,attack,49,cat__flag_S3,0.02213904884411022
seed5_frac0p75,attack,50,cat__service_urp_i,0.018271659700985765
seed5_frac1p0,normal,1,num__dst_host_diff_srv_rate,0.6224795787111361
seed5_frac1p0,normal,2,num__dst_host_same_src_port_rate,0.5782587001740467
seed5_frac1p0,normal,3,num__dst_host_same_srv_rate,0.5156623519915229
seed5_frac1p0,normal,4,num__same_srv_rate,0.4417946758403559
seed5_frac1p0,normal,5,num__dst_host_count,0.4102155813925492
seed5_frac1p0,normal,6,cat__flag_S0,0.38869433889340144
seed5_frac1p0,normal,7,cat__service_private,0.34892598895677907
seed5_frac1p0,normal,8,num__srv_rerror_rate,0.3430305913943812
seed5_frac1p0,normal,9,num__dst_host_srv_count,0.29832230997362785
seed5_frac1p0,normal,10,num__dst_host_rerror_rate,0.2828884702475989
seed5_frac1p0,normal,11,num__srv_serror_rate,0.2762398651366311
seed5_frac1p0,normal,12,num__logged_in,0.2533288215727225
seed5_frac1p0,normal,13,num__dst_host_serror_rate,0.237124945027972
seed5_frac1p0,normal,14,num__count,0.23197419947791786
seed5_frac1p0,normal,15,num__diff_srv_rate,0.21101176700904034
seed5_frac1p0,normal,16,cat__service_http,0.19470315420767292
seed5_frac1p0,normal,17,cat__protocol_type_tcp,0.19160633415140182
seed5_frac1p0,normal,18,cat__flag_RSTO,0.1771726356819272
seed5_frac1p0,normal,19,num__rerror_rate,0.16281662638721173
seed5_frac1p0,normal,20,num__dst_host_srv_diff_host_rate,0.15745459134268458
seed5_frac1p0,normal,21,num__dst_host_srv_rerror_rate,0.1529843680355043
seed5_frac1p0,normal,22,num__srv_count,0.15151674855542296
seed5_frac1p0,normal,23,cat__protocol_type_udp,0.151504462895673
seed5_frac1p0,normal,24,num__dst_host_srv_serror_rate,0.13027802637634522
seed5_frac1p0,normal,25,num__srv_diff_host_rate,0.12398324088098889
seed5_frac1p0,normal,26,cat__flag_REJ,0.11773780814473866
seed5_frac1p0,normal,27,cat__service_pop_3,0.10559039213694632
seed5_frac1p0,normal,28,cat__flag_SF,0.10130602143306078
seed5_frac1p0,normal,29,num__hot,0.1004625650084563
seed5_frac1p0,normal,30,num__is_guest_login,0.09125409708539678
seed5_frac1p0,normal,31,num__serror_rate,0.07859652062143141
seed5_frac1p0,normal,32,cat__service_ftp_data,0.07729574202755884
seed5_frac1p0,normal,33,cat__protocol_type_icmp,0.0761295627586378
seed5_frac1p0,normal,34,cat__service_ecr_i,0.07517602506231924
seed5_frac1p0,normal,35,num__wrong_fragment,0.07258087406080449
seed5_frac1p0,normal,36,cat__service_domain_u,0.07043527889982215
seed5_frac1p0,normal,37,cat__service_other,0.06675290621751628
seed5_frac1p0,normal,38,cat__flag_RSTR,0.05770694901730167
seed5_frac1p0,normal,39,cat__service_imap4,0.05725874326253688
seed5_frac1p0,normal,40,cat__service_eco_i,0.05091321931013226
seed5_frac1p0,normal,41,cat__service_telnet,0.050537823717604624
seed5_frac1p0,normal,42,num__num_failed_logins,0.03544572973623872
seed5_frac1p0,normal,43,cat__service_smtp,0.032631393406290954
seed5_frac1p0,normal,44,cat__flag_S3,0.024586364976130426
seed5_frac1p0,normal,45,cat__service_finger,0.02432978149261089
seed5_frac1p0,normal,46,num__num_shells,0.01918501383624971
seed5_frac1p0,normal,47,cat__service_ftp,0.018467406431639688
seed5_frac1p0,normal,48,cat__service_urp_i,0.01822238566182932
seed5_frac1p0,normal,49,num__root_shell,0.017969859181903303
seed5_frac1p0,normal,50,cat__service_auth,0.016452346747428237
seed5_frac1p0,attack,1,num__dst_host_diff_srv_rate,0.5889219530270111
seed5_frac1p0,attack,2,num__dst_host_same_src_port_rate,0.5380386335855292
seed5_frac1p0,attack,3,num__dst_host_same_srv_rate,0.5004492565481087
seed5_frac1p0,attack,4,num__same_srv_rate,0.43924181324837264
seed5_frac1p0,attack,5,num__dst_host_count,0.37494513258388906
seed5_frac1p0,attack,6,cat__flag_S0,0.3683105294039706
seed5_frac1p0,attack,7,num__srv_rerror_rate,0.31415599080173706
seed5_frac1p0,attack,8,cat__service_private,0.3064711002016338
seed5_frac1p0,attack,9,num__dst_host_rerror_rate,0.2909856644382671
seed5_frac1p0,attack,10,num__dst_host_srv_count,0.2866379723998307
seed5_frac1p0,attack,11,num__count,0.2634699675199954
seed5_frac1p0,attack,12,num__logged_in,0.26234799236135586
seed5_frac1p0,attack,13,num__dst_host_serror_rate,0.24576197936539756
seed5_frac1p0,attack,14,num__srv_serror_rate,0.2451867813492754
seed5_frac1p0,attack,15,num__srv_count,0.1994158230706944
seed5_frac1p0,attack,16,num__diff_srv_rate,0.19339036102800833
seed5_frac1p0,attack,17,cat__protocol_type_tcp,0.18541213328535378
seed5_frac1p0,attack,18,cat__flag_RSTO,0.17836927087046206
seed5_frac1p0,attack,19,cat__service_http,0.17160228455759352
seed5_frac1p0,attack,20,num__dst_host_srv_serror_rate,0.16421935721231762
seed5_frac1p0,attack,21,num__dst_host_srv_rerror_rate,0.1598587440873871
seed5_frac1p0,attack,22,num__rerror_rate,0.14570200120215304
seed5_frac1p0,attack,23,num__dst_host_srv_diff_host_rate,0.1361519238062101
seed5_frac1p0,attack,24,cat__protocol_type_udp,0.13137496187289344
seed5_frac1p0,attack,25,num__srv_diff_host_rate,0.12928688791998866
seed5_frac1p0,attack,26,cat__service_pop_3,0.10129991732537746
seed5_frac1p0,attack,27,cat__flag_REJ,0.09710827950175371
seed5_frac1p0,attack,28,num__is_guest_login,0.09314617433852845
seed5_frac1p0,attack,29,cat__flag_SF,0.0917852559136918
seed5_frac1p0,attack,30,num__hot,0.08757773720299156
seed5_frac1p0,attack,31,cat__service_domain_u,0.07366995235861395
seed5_frac1p0,attack,32,num__serror_rate,0.07133708655192095
seed5_frac1p0,attack,33,cat__service_ftp_data,0.07091876822573795
seed5_frac1p0,attack,34,cat__protocol_type_icmp,0.0693618533755398
seed5_frac1p0,attack,35,num__wrong_fragment,0.06395423946332812
seed5_frac1p0,attack,36,cat__service_ecr_i,0.06208975317667864
seed5_frac1p0,attack,37,cat__service_other,0.058258224940800574
seed5_frac1p0,attack,38,cat__service_imap4,0.05568898311639714
seed5_frac1p0,attack,39,cat__service_eco_i,0.05226406160253205
seed5_frac1p0,attack,40,num__num_failed_logins,0.05192967923358083
seed5_frac1p0,attack,41,cat__service_telnet,0.05170457033364073
seed5_frac1p0,attack,42,cat__service_smtp,0.03570786853458685
seed5_frac1p0,attack,43,cat__flag_RSTR,0.034375396295672545
seed5_frac1p0,attack,44,num__root_shell,0.03269533235288691
seed5_frac1p0,attack,45,cat__service_finger,0.024468721106018165
seed5_frac1p0,attack,46,num__num_shells,0.022202284540981054
seed5_frac1p0,attack,47,cat__service_ftp,0.02056190116702794
seed5_frac1p0,attack,48,cat__flag_S3,0.020540955069009215
seed5_frac1p0,attack,49,num__duration,0.019455000112316156
seed5_frac1p0,attack,50,cat__service_urp_i,0.01717783684762253
